Position,Name + ID,Name,ID,Roster Position,Salary,Game Info,TeamAbbrev,AvgPointsPerGame
C,Jack Hughes (26671762),Jack Hughes,26671762,C/UTIL,8700,NJ@MIN 02/11/2023 08:00PM ET,NJ,18.16
C,Auston Matthews (26671764),Auston Matthews,26671764,C/UTIL,8600,CLS@TOR 02/11/2023 07:00PM ET,TOR,17.51
G,Connor Hellebuyck (26672442),Connor Hellebuyck,26672442,G,8500,CHI@WPG 02/11/2023 10:00PM ET,WPG,16.51
G,Ilya Samsonov (26672443),Ilya Samsonov,26672443,G,8400,CLS@TOR 02/11/2023 07:00PM ET,TOR,14.91
G,David Rittich (26672444),David Rittich,26672444,G,8300,CHI@WPG 02/11/2023 10:00PM ET,WPG,12.22
G,Joseph Woll (26672447),Joseph Woll,26672447,G,8200,CLS@TOR 02/11/2023 07:00PM ET,TOR,0
G,Frederik Andersen (26672445),Frederik Andersen,26672445,G,8200,NYR@CAR 02/11/2023 07:00PM ET,CAR,11.73
G,Antti Raanta (26672446),Antti Raanta,26672446,G,8200,NYR@CAR 02/11/2023 07:00PM ET,CAR,11.95
G,Jordan Binnington (26672448),Jordan Binnington,26672448,G,8100,ARI@STL 02/11/2023 08:00PM ET,STL,10.63
G,Thomas Greiss (26672449),Thomas Greiss,26672449,G,8100,ARI@STL 02/11/2023 08:00PM ET,STL,13.51
G,Pheonix Copley (26672450),Pheonix Copley,26672450,G,7900,PIT@LA 02/11/2023 10:30PM ET,LA,12.1
LW,Kirill Kaprizov (26671918),Kirill Kaprizov,26671918,W/UTIL,7800,NJ@MIN 02/11/2023 08:00PM ET,MIN,15.7
G,Marc-Andre Fleury (26672451),Marc-Andre Fleury,26672451,G,7800,NJ@MIN 02/11/2023 08:00PM ET,MIN,12.08
G,Filip Gustavsson (26672452),Filip Gustavsson,26672452,G,7800,NJ@MIN 02/11/2023 08:00PM ET,MIN,14.45
LW,Kyle Connor (26671920),Kyle Connor,26671920,W/UTIL,7700,CHI@WPG 02/11/2023 10:00PM ET,WPG,14.09
G,Jonathan Quick (26672453),Jonathan Quick,26672453,G,7700,PIT@LA 02/11/2023 10:30PM ET,LA,8.03
G,Vitek Vanecek (26672454),Vitek Vanecek,26672454,G,7600,NJ@MIN 02/11/2023 08:00PM ET,NJ,13.5
C,Sidney Crosby (26671766),Sidney Crosby,26671766,C/UTIL,7600,PIT@LA 02/11/2023 10:30PM ET,PIT,13.68
D,Dougie Hamilton (26672206),Dougie Hamilton,26672206,D/UTIL,7500,NJ@MIN 02/11/2023 08:00PM ET,NJ,14.29
G,Casey DeSmith (26672455),Casey DeSmith,26672455,G,7500,PIT@LA 02/11/2023 10:30PM ET,PIT,13.32
G,Dustin Tokarski (26672456),Dustin Tokarski,26672456,G,7500,PIT@LA 02/11/2023 10:30PM ET,PIT,14.65
RW,William Nylander (26671922),William Nylander,26671922,W/UTIL,7400,CLS@TOR 02/11/2023 07:00PM ET,TOR,14.16
G,MacKenzie Blackwood (26672457),MacKenzie Blackwood,26672457,G,7400,NJ@MIN 02/11/2023 08:00PM ET,NJ,11.38
RW,Patrik Laine (26671924),Patrik Laine,26671924,W/UTIL,7300,CLS@TOR 02/11/2023 07:00PM ET,CLS,12.67
C,Mika Zibanejad (26671768),Mika Zibanejad,26671768,C/UTIL,7300,NYR@CAR 02/11/2023 07:00PM ET,NYR,14.07
G,Karel Vejmelka (26672458),Karel Vejmelka,26672458,G,7300,ARI@STL 02/11/2023 08:00PM ET,ARI,14.26
G,Connor Ingram (26672459),Connor Ingram,26672459,G,7300,ARI@STL 02/11/2023 08:00PM ET,ARI,12.42
C,John Tavares (26671770),John Tavares,26671770,C/UTIL,7200,CLS@TOR 02/11/2023 07:00PM ET,TOR,13.61
G,Igor Shesterkin (26672460),Igor Shesterkin,26672460,G,7200,NYR@CAR 02/11/2023 07:00PM ET,NYR,14.91
LW,Nikolaj Ehlers (26671926),Nikolaj Ehlers,26671926,W/UTIL,7200,CHI@WPG 02/11/2023 10:00PM ET,WPG,12.74
RW,Jordan Kyrou (26671928),Jordan Kyrou,26671928,W/UTIL,7100,ARI@STL 02/11/2023 08:00PM ET,STL,13.83
G,Joonas Korpisalo (26672461),Joonas Korpisalo,26672461,G,7000,CLS@TOR 02/11/2023 07:00PM ET,CLS,13.43
G,Jaroslav Halak (26672462),Jaroslav Halak,26672462,G,7000,NYR@CAR 02/11/2023 07:00PM ET,NYR,11.54
D,Jakob Chychrun (26672208),Jakob Chychrun,26672208,D/UTIL,7000,ARI@STL 02/11/2023 08:00PM ET,ARI,12.59
LW,Jake Guentzel (26671930),Jake Guentzel,26671930,W/UTIL,7000,PIT@LA 02/11/2023 10:30PM ET,PIT,12.98
RW,Mats Zuccarello (26671932),Mats Zuccarello,26671932,W/UTIL,6900,NJ@MIN 02/11/2023 08:00PM ET,MIN,12.58
G,Petr Mrazek (26672463),Petr Mrazek,26672463,G,6900,CHI@WPG 02/11/2023 10:00PM ET,CHI,9.53
G,Jaxson Stauber (26672464),Jaxson Stauber,26672464,G,6900,CHI@WPG 02/11/2023 10:00PM ET,CHI,17.9
RW,Mitchell Marner (26671934),Mitchell Marner,26671934,W/UTIL,6800,CLS@TOR 02/11/2023 07:00PM ET,TOR,12.25
G,Elvis Merzlikins (26672465),Elvis Merzlikins,26672465,G,6800,CLS@TOR 02/11/2023 07:00PM ET,CLS,6.31
D,Adam Fox (26672210),Adam Fox,26672210,D/UTIL,6800,NYR@CAR 02/11/2023 07:00PM ET,NYR,11.62
LW,Kevin Fiala (26671936),Kevin Fiala,26671936,W/UTIL,6700,PIT@LA 02/11/2023 10:30PM ET,LA,12.05
LW,Johnny Gaudreau (26671938),Johnny Gaudreau,26671938,W/UTIL,6600,CLS@TOR 02/11/2023 07:00PM ET,CLS,10.5
C,Nico Hischier (26671772),Nico Hischier,26671772,C/UTIL,6600,NJ@MIN 02/11/2023 08:00PM ET,NJ,12.65
G,Jet Greaves (26672468),Jet Greaves,26672468,G,6500,CLS@TOR 02/11/2023 07:00PM ET,CLS,0
G,Daniil Tarasov (26672469),Daniil Tarasov,26672469,G,6500,CLS@TOR 02/11/2023 07:00PM ET,CLS,11.52
G,Matt Murray (26672476),Matt Murray,26672476,G,6500,CLS@TOR 02/11/2023 07:00PM ET,TOR,13.98
G,Keith Petruzzelli (26672477),Keith Petruzzelli,26672477,G,6500,CLS@TOR 02/11/2023 07:00PM ET,TOR,0
G,Erik Kallgren (26672478),Erik Kallgren,26672478,G,6500,CLS@TOR 02/11/2023 07:00PM ET,TOR,9.62
LW,Max Pacioretty (26671940),Max Pacioretty,26671940,W/UTIL,6500,NYR@CAR 02/11/2023 07:00PM ET,CAR,11.36
G,Pyotr Kochetkov (26672473),Pyotr Kochetkov,26672473,G,6500,NYR@CAR 02/11/2023 07:00PM ET,CAR,13.44
G,Jonathan Bernier (26672470),Jonathan Bernier,26672470,G,6500,NJ@MIN 02/11/2023 08:00PM ET,NJ,0
G,Nico Daws (26672471),Nico Daws,26672471,G,6500,NJ@MIN 02/11/2023 08:00PM ET,NJ,0
G,Akira Schmid (26672472),Akira Schmid,26672472,G,6500,NJ@MIN 02/11/2023 08:00PM ET,NJ,11.66
G,Zane McIntyre (26672480),Zane McIntyre,26672480,G,6500,NJ@MIN 02/11/2023 08:00PM ET,MIN,0
C,Pierre-Luc Dubois (26671774),Pierre-Luc Dubois,26671774,C/UTIL,6500,CHI@WPG 02/11/2023 10:00PM ET,WPG,12.38
G,Alex Stalock (26672466),Alex Stalock,26672466,G,6500,CHI@WPG 02/11/2023 10:00PM ET,CHI,13.79
G,Arvid Soderblom (26672467),Arvid Soderblom,26672467,G,6500,CHI@WPG 02/11/2023 10:00PM ET,CHI,9.57
G,Jacob Ingham (26672474),Jacob Ingham,26672474,G,6500,PIT@LA 02/11/2023 10:30PM ET,LA,0
G,Cal Petersen (26672475),Cal Petersen,26672475,G,6500,PIT@LA 02/11/2023 10:30PM ET,LA,7.41
G,Tristan Jarry (26672479),Tristan Jarry,26672479,G,6500,PIT@LA 02/11/2023 10:30PM ET,PIT,17.3
C,Sebastian AhoCAR (26671776),Sebastian AhoCAR,26671776,C/UTIL,6400,NYR@CAR 02/11/2023 07:00PM ET,CAR,13.44
LW,Chris Kreider (26671942),Chris Kreider,26671942,W/UTIL,6400,NYR@CAR 02/11/2023 07:00PM ET,NYR,11.36
C,Boone Jenner (26671778),Boone Jenner,26671778,C/UTIL,6300,CLS@TOR 02/11/2023 07:00PM ET,CLS,11.24
D,Brent Burns (26672212),Brent Burns,26672212,D/UTIL,6300,NYR@CAR 02/11/2023 07:00PM ET,CAR,11.66
RW,Rickard Rakell (26671944),Rickard Rakell,26671944,W/UTIL,6300,PIT@LA 02/11/2023 10:30PM ET,PIT,10.75
RW,Jesper Bratt (26671946),Jesper Bratt,26671946,W/UTIL,6200,NJ@MIN 02/11/2023 08:00PM ET,NJ,11.38
D,Seth Jones (26672214),Seth Jones,26672214,D/UTIL,6200,CHI@WPG 02/11/2023 10:00PM ET,CHI,11.69
C,Evgeni Malkin (26671780),Evgeni Malkin,26671780,C/UTIL,6200,PIT@LA 02/11/2023 10:30PM ET,PIT,12.48
LW,Artemi Panarin (26671948),Artemi Panarin,26671948,W/UTIL,6100,NYR@CAR 02/11/2023 07:00PM ET,NYR,10.9
C,Mark Scheifele (26671782),Mark Scheifele,26671782,C/UTIL,6000,CHI@WPG 02/11/2023 10:00PM ET,WPG,11.94
RW,Patrick Kane (26671950),Patrick Kane,26671950,W/UTIL,6000,CHI@WPG 02/11/2023 10:00PM ET,CHI,10.49
D,Josh Morrissey (26672216),Josh Morrissey,26672216,D/UTIL,6000,CHI@WPG 02/11/2023 10:00PM ET,WPG,11.34
LW,Clayton Keller (26671952),Clayton Keller,26671952,W/UTIL,5900,ARI@STL 02/11/2023 08:00PM ET,ARI,10.06
D,Kris Letang (26672218),Kris Letang,26672218,D/UTIL,5900,PIT@LA 02/11/2023 10:30PM ET,PIT,10.68
LW,Andrei Svechnikov (26671954),Andrei Svechnikov,26671954,W/UTIL,5800,NYR@CAR 02/11/2023 07:00PM ET,CAR,11.92
D,Jacob Trouba (26672220),Jacob Trouba,26672220,D/UTIL,5800,NYR@CAR 02/11/2023 07:00PM ET,NYR,11.13
C,Joel Eriksson Ek (26671784),Joel Eriksson Ek,26671784,C/UTIL,5800,NJ@MIN 02/11/2023 08:00PM ET,MIN,11.92
RW,Martin Necas (26671956),Martin Necas,26671956,W/UTIL,5700,NYR@CAR 02/11/2023 07:00PM ET,CAR,11.99
LW,Matt Boldy (26671958),Matt Boldy,26671958,W/UTIL,5600,NJ@MIN 02/11/2023 08:00PM ET,MIN,10.58
C,Anze Kopitar (26671786),Anze Kopitar,26671786,C/UTIL,5600,PIT@LA 02/11/2023 10:30PM ET,LA,10.5
C,Vincent Trocheck (26671788),Vincent Trocheck,26671788,C/UTIL,5500,NYR@CAR 02/11/2023 07:00PM ET,NYR,10.3
RW,Adrian Kempe (26671960),Adrian Kempe,26671960,W/UTIL,5500,PIT@LA 02/11/2023 10:30PM ET,LA,10.27
D,Drew Doughty (26672222),Drew Doughty,26672222,D/UTIL,5500,PIT@LA 02/11/2023 10:30PM ET,LA,8.87
RW,Viktor Arvidsson (26671962),Viktor Arvidsson,26671962,W/UTIL,5400,PIT@LA 02/11/2023 10:30PM ET,LA,9.58
RW,Pavel Buchnevich (26671964),Pavel Buchnevich,26671964,W/UTIL,5300,ARI@STL 02/11/2023 08:00PM ET,STL,9.84
D,Shayne Gostisbehere (26672224),Shayne Gostisbehere,26672224,D/UTIL,5300,ARI@STL 02/11/2023 08:00PM ET,ARI,9.32
C,Filip Chytil (26671790),Filip Chytil,26671790,C/UTIL,5200,NYR@CAR 02/11/2023 07:00PM ET,NYR,9.68
RW,Blake Wheeler (26671966),Blake Wheeler,26671966,W/UTIL,5200,CHI@WPG 02/11/2023 10:00PM ET,WPG,9
D,Sean Durzi (26672226),Sean Durzi,26672226,D/UTIL,5200,PIT@LA 02/11/2023 10:30PM ET,LA,8.82
D,Justin Faulk (26672228),Justin Faulk,26672228,D/UTIL,5100,ARI@STL 02/11/2023 08:00PM ET,STL,9.63
LW,Alex Iafallo (26671968),Alex Iafallo,26671968,W/UTIL,5100,PIT@LA 02/11/2023 10:30PM ET,LA,8.35
RW,Nick Schmaltz (26671970),Nick Schmaltz,26671970,W/UTIL,5000,ARI@STL 02/11/2023 08:00PM ET,ARI,9.57
D,Jared Spurgeon (26672230),Jared Spurgeon,26672230,D/UTIL,5000,NJ@MIN 02/11/2023 08:00PM ET,MIN,10.2
RW,Bryan Rust (26671972),Bryan Rust,26671972,W/UTIL,4900,PIT@LA 02/11/2023 10:30PM ET,PIT,9.23
LW,Michael Bunting (26671974),Michael Bunting,26671974,W/UTIL,4800,CLS@TOR 02/11/2023 07:00PM ET,TOR,8.18
D,Torey Krug (26672232),Torey Krug,26672232,D/UTIL,4800,ARI@STL 02/11/2023 08:00PM ET,STL,9.58
C,Phillip Danault (26671792),Phillip Danault,26671792,C/UTIL,4800,PIT@LA 02/11/2023 10:30PM ET,LA,8.89
LW,Jason Zucker (26671976),Jason Zucker,26671976,W/UTIL,4700,PIT@LA 02/11/2023 10:30PM ET,PIT,8.76
D,Jeff Petry (26672234),Jeff Petry,26672234,D/UTIL,4700,PIT@LA 02/11/2023 10:30PM ET,PIT,8.74
RW,Kirill Marchenko (26671978),Kirill Marchenko,26671978,W/UTIL,4600,CLS@TOR 02/11/2023 07:00PM ET,CLS,8.17
D,Morgan Rielly (26672236),Morgan Rielly,26672236,D/UTIL,4600,CLS@TOR 02/11/2023 07:00PM ET,TOR,8.43
C,Trevor Moore (26671794),Trevor Moore,26671794,C/UTIL,4600,PIT@LA 02/11/2023 10:30PM ET,LA,8.94
RW,Vladimir Tarasenko (26671980),Vladimir Tarasenko,26671980,W/UTIL,4500,NYR@CAR 02/11/2023 07:00PM ET,NYR,10.3
C,Max Domi (26671796),Max Domi,26671796,C/UTIL,4500,CHI@WPG 02/11/2023 10:00PM ET,CHI,8.51
C,Robert Thomas (26671798),Robert Thomas,26671798,C/UTIL,4400,ARI@STL 02/11/2023 08:00PM ET,STL,8.51
LW,Ondrej Palat (26671982),Ondrej Palat,26671982,W/UTIL,4400,NJ@MIN 02/11/2023 08:00PM ET,NJ,8.68
D,Neal Pionk (26672238),Neal Pionk,26672238,D/UTIL,4400,CHI@WPG 02/11/2023 10:00PM ET,WPG,8.24
LW,Teuvo Teravainen (26671984),Teuvo Teravainen,26671984,W/UTIL,4300,NYR@CAR 02/11/2023 07:00PM ET,CAR,7.44
D,Mark Giordano (26672240),Mark Giordano,26672240,D/UTIL,4200,CLS@TOR 02/11/2023 07:00PM ET,TOR,7.76
LW,Brandon Saad (26671986),Brandon Saad,26671986,W/UTIL,4200,ARI@STL 02/11/2023 08:00PM ET,STL,7.06
LW,Brayden Schenn (26671988),Brayden Schenn,26671988,W/UTIL,4200,ARI@STL 02/11/2023 08:00PM ET,STL,7.92
C,Ryan Hartman (26671800),Ryan Hartman,26671800,C/UTIL,4200,NJ@MIN 02/11/2023 08:00PM ET,MIN,8.05
RW,Seth Jarvis (26671990),Seth Jarvis,26671990,W/UTIL,4100,NYR@CAR 02/11/2023 07:00PM ET,CAR,7.1
D,Brady Skjei (26672242),Brady Skjei,26672242,D/UTIL,4100,NYR@CAR 02/11/2023 07:00PM ET,CAR,7.86
RW,Gabriel Vilardi (26671992),Gabriel Vilardi,26671992,W/UTIL,4100,PIT@LA 02/11/2023 10:30PM ET,LA,8.73
D,K'Andre Miller (26672246),K'Andre Miller,26672246,D/UTIL,4000,NYR@CAR 02/11/2023 07:00PM ET,NYR,7.42
C,Barrett Hayton (26671802),Barrett Hayton,26671802,C/UTIL,4000,ARI@STL 02/11/2023 08:00PM ET,ARI,6.05
RW,Lawson Crouse (26671994),Lawson Crouse,26671994,W/UTIL,4000,ARI@STL 02/11/2023 08:00PM ET,ARI,8.08
D,Colton Parayko (26672244),Colton Parayko,26672244,D/UTIL,4000,ARI@STL 02/11/2023 08:00PM ET,STL,7.3
D,Nick Blankenburg (26672248),Nick Blankenburg,26672248,D/UTIL,3900,CLS@TOR 02/11/2023 07:00PM ET,CLS,8.12
D,Brett Pesce (26672250),Brett Pesce,26672250,D/UTIL,3900,NYR@CAR 02/11/2023 07:00PM ET,CAR,7.65
C,Ryan O'Reilly (26671806),Ryan O'Reilly,26671806,C/UTIL,3900,ARI@STL 02/11/2023 08:00PM ET,STL,7.28
C,Jason Dickinson (26671804),Jason Dickinson,26671804,C/UTIL,3900,CHI@WPG 02/11/2023 10:00PM ET,CHI,6.64
RW,Cole Perfetti (26671996),Cole Perfetti,26671996,W/UTIL,3900,CHI@WPG 02/11/2023 10:00PM ET,WPG,7.03
RW,Arthur Kaliyev (26671998),Arthur Kaliyev,26671998,W/UTIL,3900,PIT@LA 02/11/2023 10:30PM ET,LA,7.78
C,Dawson Mercer (26671810),Dawson Mercer,26671810,C/UTIL,3800,NJ@MIN 02/11/2023 08:00PM ET,NJ,7.78
D,Ryan Graves (26672252),Ryan Graves,26672252,D/UTIL,3800,NJ@MIN 02/11/2023 08:00PM ET,NJ,8.19
C,Jonathan Toews (26671808),Jonathan Toews,26671808,C/UTIL,3800,CHI@WPG 02/11/2023 10:00PM ET,CHI,7.66
LW,Andreas Athanasiou (26672000),Andreas Athanasiou,26672000,W/UTIL,3800,CHI@WPG 02/11/2023 10:00PM ET,CHI,6.66
C,Jack Roslovic (26671812),Jack Roslovic,26671812,C/UTIL,3700,CLS@TOR 02/11/2023 07:00PM ET,CLS,6.62
LW,Gustav Nyquist (26672004),Gustav Nyquist,26672004,W/UTIL,3700,CLS@TOR 02/11/2023 07:00PM ET,CLS,7.11
D,Jaccob Slavin (26672256),Jaccob Slavin,26672256,D/UTIL,3700,NYR@CAR 02/11/2023 07:00PM ET,CAR,7.36
LW,Tomas Tatar (26672002),Tomas Tatar,26672002,W/UTIL,3700,NJ@MIN 02/11/2023 08:00PM ET,NJ,7.11
D,Jake McCabe (26672254),Jake McCabe,26672254,D/UTIL,3700,CHI@WPG 02/11/2023 10:00PM ET,CHI,7.36
LW,Quinton Byfield (26672006),Quinton Byfield,26672006,W/UTIL,3700,PIT@LA 02/11/2023 10:30PM ET,LA,4.46
D,Matt Roy (26672258),Matt Roy,26672258,D/UTIL,3700,PIT@LA 02/11/2023 10:30PM ET,LA,7.91
LW,Jimmy Vesey (26672010),Jimmy Vesey,26672010,W/UTIL,3600,NYR@CAR 02/11/2023 07:00PM ET,NYR,5.89
D,Damon Severson (26672260),Damon Severson,26672260,D/UTIL,3600,NJ@MIN 02/11/2023 08:00PM ET,NJ,6.44
LW,Tyler Johnson (26672008),Tyler Johnson,26672008,W/UTIL,3600,CHI@WPG 02/11/2023 10:00PM ET,CHI,7.26
LW,Calle Jarnkrok (26672012),Calle Jarnkrok,26672012,W/UTIL,3500,CLS@TOR 02/11/2023 07:00PM ET,TOR,6.35
D,Timothy Liljegren (26672262),Timothy Liljegren,26672262,D/UTIL,3500,CLS@TOR 02/11/2023 07:00PM ET,TOR,6.46
D,T.J. Brodie (26672264),T.J. Brodie,26672264,D/UTIL,3500,CLS@TOR 02/11/2023 07:00PM ET,TOR,6.86
C,Jordan Staal (26671814),Jordan Staal,26671814,C/UTIL,3500,NYR@CAR 02/11/2023 07:00PM ET,CAR,6.66
D,Jonas Brodin (26672266),Jonas Brodin,26672266,D/UTIL,3500,NJ@MIN 02/11/2023 08:00PM ET,MIN,7.33
D,Andrew Peeke (26672268),Andrew Peeke,26672268,D/UTIL,3400,CLS@TOR 02/11/2023 07:00PM ET,CLS,6.27
D,Adam Boqvist (26672270),Adam Boqvist,26672270,D/UTIL,3400,CLS@TOR 02/11/2023 07:00PM ET,CLS,5.7
C,Jesperi Kotkaniemi (26671816),Jesperi Kotkaniemi,26671816,C/UTIL,3400,NYR@CAR 02/11/2023 07:00PM ET,CAR,4.88
LW,Alexis Lafreniere (26672014),Alexis Lafreniere,26672014,W/UTIL,3400,NYR@CAR 02/11/2023 07:00PM ET,NYR,6.17
RW,Kaapo Kakko (26672016),Kaapo Kakko,26672016,W/UTIL,3400,NYR@CAR 02/11/2023 07:00PM ET,NYR,6.35
C,Alexander Kerfoot (26671818),Alexander Kerfoot,26671818,C/UTIL,3300,CLS@TOR 02/11/2023 07:00PM ET,TOR,6
LW,Justin Danforth (26672022),Justin Danforth,26672022,W/UTIL,3300,CLS@TOR 02/11/2023 07:00PM ET,CLS,6.88
D,Vladislav Gavrikov (26672274),Vladislav Gavrikov,26672274,D/UTIL,3300,CLS@TOR 02/11/2023 07:00PM ET,CLS,6.03
LW,Jordan Martinook (26672020),Jordan Martinook,26672020,W/UTIL,3300,NYR@CAR 02/11/2023 07:00PM ET,CAR,7.12
RW,Taylor Raddysh (26672018),Taylor Raddysh,26672018,W/UTIL,3300,CHI@WPG 02/11/2023 10:00PM ET,CHI,6.61
D,Connor Murphy (26672272),Connor Murphy,26672272,D/UTIL,3300,CHI@WPG 02/11/2023 10:00PM ET,CHI,6.62
D,Dylan DeMelo (26672276),Dylan DeMelo,26672276,D/UTIL,3300,CHI@WPG 02/11/2023 10:00PM ET,WPG,5.87
D,Marcus Pettersson (26672278),Marcus Pettersson,26672278,D/UTIL,3300,PIT@LA 02/11/2023 10:30PM ET,PIT,7.36
LW,Stefan Noesen (26672026),Stefan Noesen,26672026,W/UTIL,3200,NYR@CAR 02/11/2023 07:00PM ET,CAR,6.55
C,Nick Bjugstad (26671820),Nick Bjugstad,26671820,C/UTIL,3200,ARI@STL 02/11/2023 08:00PM ET,ARI,6.64
D,J.J. Moser (26672282),J.J. Moser,26672282,D/UTIL,3200,ARI@STL 02/11/2023 08:00PM ET,ARI,6.42
D,Calen Addison (26672280),Calen Addison,26672280,D/UTIL,3200,NJ@MIN 02/11/2023 08:00PM ET,MIN,5.71
D,Jonas Siegenthaler (26672284),Jonas Siegenthaler,26672284,D/UTIL,3200,NJ@MIN 02/11/2023 08:00PM ET,NJ,6.59
LW,Philipp Kurashev (26672024),Philipp Kurashev,26672024,W/UTIL,3200,CHI@WPG 02/11/2023 10:00PM ET,CHI,5.73
D,Brian Dumoulin (26672286),Brian Dumoulin,26672286,D/UTIL,3200,PIT@LA 02/11/2023 10:30PM ET,PIT,5.4
D,Jake Bean (26672290),Jake Bean,26672290,D/UTIL,3100,CLS@TOR 02/11/2023 07:00PM ET,CLS,6.49
D,Jordie Benn (26672296),Jordie Benn,26672296,D/UTIL,3100,CLS@TOR 02/11/2023 07:00PM ET,TOR,6.64
D,Calle Rosen (26672288),Calle Rosen,26672288,D/UTIL,3100,ARI@STL 02/11/2023 08:00PM ET,STL,6.16
D,Nick Leddy (26672292),Nick Leddy,26672292,D/UTIL,3100,ARI@STL 02/11/2023 08:00PM ET,STL,5.08
C,Erik Haula (26671822),Erik Haula,26671822,C/UTIL,3100,NJ@MIN 02/11/2023 08:00PM ET,NJ,6.55
LW,Yegor Sharangovich (26672028),Yegor Sharangovich,26672028,W/UTIL,3100,NJ@MIN 02/11/2023 08:00PM ET,NJ,6.47
RW,Frederick Gaudreau (26672032),Frederick Gaudreau,26672032,W/UTIL,3100,NJ@MIN 02/11/2023 08:00PM ET,MIN,6.78
RW,Mason Appleton (26672030),Mason Appleton,26672030,W/UTIL,3100,CHI@WPG 02/11/2023 10:00PM ET,WPG,5.35
D,Mikey Anderson (26672294),Mikey Anderson,26672294,D/UTIL,3100,PIT@LA 02/11/2023 10:30PM ET,LA,5.57
C,Lane Pederson (26671824),Lane Pederson,26671824,C/UTIL,3000,CLS@TOR 02/11/2023 07:00PM ET,CLS,4.56
RW,Yegor Chinakhov (26672034),Yegor Chinakhov,26672034,W/UTIL,3000,CLS@TOR 02/11/2023 07:00PM ET,CLS,5.77
D,Erik Gudbranson (26672298),Erik Gudbranson,26672298,D/UTIL,3000,CLS@TOR 02/11/2023 07:00PM ET,CLS,6.34
LW,Barclay Goodrow (26672040),Barclay Goodrow,26672040,W/UTIL,3000,NYR@CAR 02/11/2023 07:00PM ET,NYR,5.72
D,Jalen Chatfield (26672302),Jalen Chatfield,26672302,D/UTIL,3000,NYR@CAR 02/11/2023 07:00PM ET,CAR,4.47
D,Ryan Lindgren (26672304),Ryan Lindgren,26672304,D/UTIL,3000,NYR@CAR 02/11/2023 07:00PM ET,NYR,6.21
LW,Ivan Barbashev (26672036),Ivan Barbashev,26672036,W/UTIL,3000,ARI@STL 02/11/2023 08:00PM ET,STL,5.94
RW,Sammy Blais (26672038),Sammy Blais,26672038,W/UTIL,3000,ARI@STL 02/11/2023 08:00PM ET,STL,2.38
D,Juuso Valimaki (26672300),Juuso Valimaki,26672300,D/UTIL,3000,ARI@STL 02/11/2023 08:00PM ET,ARI,4.48
C,Sam Steel (26671826),Sam Steel,26671826,C/UTIL,3000,NJ@MIN 02/11/2023 08:00PM ET,MIN,4.98
D,Jake Middleton (26672306),Jake Middleton,26672306,D/UTIL,3000,NJ@MIN 02/11/2023 08:00PM ET,MIN,5.71
LW,Kent Johnson (26672042),Kent Johnson,26672042,W/UTIL,2900,CLS@TOR 02/11/2023 07:00PM ET,CLS,5.72
RW,Jakub Voracek (26672044),Jakub Voracek,26672044,W/UTIL,2900,CLS@TOR 02/11/2023 07:00PM ET,CLS,6.19
LW,Pierre Engvall (26672048),Pierre Engvall,26672048,W/UTIL,2900,CLS@TOR 02/11/2023 07:00PM ET,TOR,5.54
D,Justin Holl (26672310),Justin Holl,26672310,D/UTIL,2900,CLS@TOR 02/11/2023 07:00PM ET,TOR,5.36
D,Jake Muzzin (26672312),Jake Muzzin,26672312,D/UTIL,2900,CLS@TOR 02/11/2023 07:00PM ET,TOR,8.25
C,Paul Stastny (26671830),Paul Stastny,26671830,C/UTIL,2900,NYR@CAR 02/11/2023 07:00PM ET,CAR,4.03
C,Noel Acciari (26671828),Noel Acciari,26671828,C/UTIL,2900,ARI@STL 02/11/2023 08:00PM ET,STL,6.15
D,Matt Dumba (26672314),Matt Dumba,26672314,D/UTIL,2900,NJ@MIN 02/11/2023 08:00PM ET,MIN,5.9
D,Nate Schmidt (26672308),Nate Schmidt,26672308,D/UTIL,2900,CHI@WPG 02/11/2023 10:00PM ET,WPG,5.84
RW,Jaret Anderson-Dolan (26672046),Jaret Anderson-Dolan,26672046,W/UTIL,2900,PIT@LA 02/11/2023 10:30PM ET,LA,4.86
RW,Emil Bemstrom (26672050),Emil Bemstrom,26672050,W/UTIL,2800,CLS@TOR 02/11/2023 07:00PM ET,CLS,5.65
D,Rasmus Sandin (26672320),Rasmus Sandin,26672320,D/UTIL,2800,CLS@TOR 02/11/2023 07:00PM ET,TOR,5.16
RW,Fabian Zetterlund (26672052),Fabian Zetterlund,26672052,W/UTIL,2800,NJ@MIN 02/11/2023 08:00PM ET,NJ,6
LW,Miles Wood (26672054),Miles Wood,26672054,W/UTIL,2800,NJ@MIN 02/11/2023 08:00PM ET,NJ,6.62
C,Adam Lowry (26671832),Adam Lowry,26671832,C/UTIL,2800,CHI@WPG 02/11/2023 10:00PM ET,WPG,5.96
D,Caleb Jones (26672316),Caleb Jones,26672316,D/UTIL,2800,CHI@WPG 02/11/2023 10:00PM ET,CHI,5.42
D,Brenden Dillon (26672322),Brenden Dillon,26672322,D/UTIL,2800,CHI@WPG 02/11/2023 10:00PM ET,WPG,5.72
C,Jeff Carter (26671834),Jeff Carter,26671834,C/UTIL,2800,PIT@LA 02/11/2023 10:30PM ET,PIT,6.72
D,Sean Walker (26672318),Sean Walker,26672318,D/UTIL,2800,PIT@LA 02/11/2023 10:30PM ET,LA,5.74
C,Cole Sillinger (26671836),Cole Sillinger,26671836,C/UTIL,2700,CLS@TOR 02/11/2023 07:00PM ET,CLS,3.92
C,Sean Kuraly (26671838),Sean Kuraly,26671838,C/UTIL,2700,CLS@TOR 02/11/2023 07:00PM ET,CLS,5.27
D,Gavin Bayreuther (26672324),Gavin Bayreuther,26672324,D/UTIL,2700,CLS@TOR 02/11/2023 07:00PM ET,CLS,5.64
D,Calvin de Haan (26672326),Calvin de Haan,26672326,D/UTIL,2700,NYR@CAR 02/11/2023 07:00PM ET,CAR,4.14
D,Dylan Coghlan (26672328),Dylan Coghlan,26672328,D/UTIL,2700,NYR@CAR 02/11/2023 07:00PM ET,CAR,4.29
D,Braden Schneider (26672330),Braden Schneider,26672330,D/UTIL,2700,NYR@CAR 02/11/2023 07:00PM ET,NYR,5.85
RW,Josh Leivo (26672056),Josh Leivo,26672056,W/UTIL,2700,ARI@STL 02/11/2023 08:00PM ET,STL,5.54
LW,Nick Ritchie (26672058),Nick Ritchie,26672058,W/UTIL,2700,ARI@STL 02/11/2023 08:00PM ET,ARI,5.84
C,Sam Lafferty (26671840),Sam Lafferty,26671840,C/UTIL,2700,CHI@WPG 02/11/2023 10:00PM ET,CHI,5.79
LW,Morgan Barron (26672060),Morgan Barron,26672060,W/UTIL,2700,CHI@WPG 02/11/2023 10:00PM ET,WPG,5.85
D,Dylan Samberg (26672332),Dylan Samberg,26672332,D/UTIL,2700,CHI@WPG 02/11/2023 10:00PM ET,WPG,5.6
RW,Kasperi Kapanen (26672062),Kasperi Kapanen,26672062,W/UTIL,2700,PIT@LA 02/11/2023 10:30PM ET,PIT,6.22
C,David Kampf (26671844),David Kampf,26671844,C/UTIL,2600,CLS@TOR 02/11/2023 07:00PM ET,TOR,4.44
C,Pontus Holmberg (26671848),Pontus Holmberg,26671848,C/UTIL,2600,CLS@TOR 02/11/2023 07:00PM ET,TOR,3.93
D,Conor Timmins (26672342),Conor Timmins,26672342,D/UTIL,2600,CLS@TOR 02/11/2023 07:00PM ET,TOR,5.46
C,Travis Boyd (26671842),Travis Boyd,26671842,C/UTIL,2600,ARI@STL 02/11/2023 08:00PM ET,ARI,4.74
LW,Matias Maccelli (26672064),Matias Maccelli,26672064,W/UTIL,2600,ARI@STL 02/11/2023 08:00PM ET,ARI,5.06
RW,Christian Fischer (26672066),Christian Fischer,26672066,W/UTIL,2600,ARI@STL 02/11/2023 08:00PM ET,ARI,5.46
D,Troy Stecher (26672338),Troy Stecher,26672338,D/UTIL,2600,ARI@STL 02/11/2023 08:00PM ET,ARI,4.06
C,Michael McLeod (26671846),Michael McLeod,26671846,C/UTIL,2600,NJ@MIN 02/11/2023 08:00PM ET,NJ,4.94
D,Alex Goligoski (26672344),Alex Goligoski,26672344,D/UTIL,2600,NJ@MIN 02/11/2023 08:00PM ET,MIN,5.46
D,Jack Johnson (26672334),Jack Johnson,26672334,D/UTIL,2600,CHI@WPG 02/11/2023 10:00PM ET,CHI,5.21
D,Ian Mitchell (26672336),Ian Mitchell,26672336,D/UTIL,2600,CHI@WPG 02/11/2023 10:00PM ET,CHI,4.97
LW,Brock McGinn (26672068),Brock McGinn,26672068,W/UTIL,2600,PIT@LA 02/11/2023 10:30PM ET,PIT,5.24
LW,Ryan Poehling (26672070),Ryan Poehling,26672070,W/UTIL,2600,PIT@LA 02/11/2023 10:30PM ET,PIT,4.94
D,Alexander Edler (26672340),Alexander Edler,26672340,D/UTIL,2600,PIT@LA 02/11/2023 10:30PM ET,LA,5.43
C,Carson Meyer (26671852),Carson Meyer,26671852,C/UTIL,2500,CLS@TOR 02/11/2023 07:00PM ET,CLS,2.45
C,Brendan Gaunce (26671866),Brendan Gaunce,26671866,C/UTIL,2500,CLS@TOR 02/11/2023 07:00PM ET,CLS,4.22
C,Josh Dunne (26671868),Josh Dunne,26671868,C/UTIL,2500,CLS@TOR 02/11/2023 07:00PM ET,CLS,0
C,Rodion Amirov (26671886),Rodion Amirov,26671886,C/UTIL,2500,CLS@TOR 02/11/2023 07:00PM ET,TOR,0
C,Semyon Der-Arguchintsev (26671896),Semyon Der-Arguchintsev,26671896,C/UTIL,2500,CLS@TOR 02/11/2023 07:00PM ET,TOR,0
C,Bobby McMann (26671898),Bobby McMann,26671898,C/UTIL,2500,CLS@TOR 02/11/2023 07:00PM ET,TOR,3.19
RW,Mathieu Olivier (26672078),Mathieu Olivier,26672078,W/UTIL,2500,CLS@TOR 02/11/2023 07:00PM ET,CLS,4.1
LW,Eric Robinson (26672080),Eric Robinson,26672080,W/UTIL,2500,CLS@TOR 02/11/2023 07:00PM ET,CLS,4.52
LW,Liam Foudy (26672100),Liam Foudy,26672100,W/UTIL,2500,CLS@TOR 02/11/2023 07:00PM ET,CLS,2
LW,Joona Luoto (26672102),Joona Luoto,26672102,W/UTIL,2500,CLS@TOR 02/11/2023 07:00PM ET,CLS,0
RW,Trey Fix-Wolansky (26672106),Trey Fix-Wolansky,26672106,W/UTIL,2500,CLS@TOR 02/11/2023 07:00PM ET,CLS,3.55
LW,Zach Aston-Reese (26672150),Zach Aston-Reese,26672150,W/UTIL,2500,CLS@TOR 02/11/2023 07:00PM ET,TOR,3.56
RW,Alex Steeves (26672152),Alex Steeves,26672152,W/UTIL,2500,CLS@TOR 02/11/2023 07:00PM ET,TOR,3
LW,Nicholas Robertson (26672154),Nicholas Robertson,26672154,W/UTIL,2500,CLS@TOR 02/11/2023 07:00PM ET,TOR,5.64
RW,Wayne Simmonds (26672156),Wayne Simmonds,26672156,W/UTIL,2500,CLS@TOR 02/11/2023 07:00PM ET,TOR,1.89
RW,Joey Anderson (26672164),Joey Anderson,26672164,W/UTIL,2500,CLS@TOR 02/11/2023 07:00PM ET,TOR,3.61
RW,Dryden Hunt (26672172),Dryden Hunt,26672172,W/UTIL,2500,CLS@TOR 02/11/2023 07:00PM ET,TOR,1.76
LW,Kyle Clifford (26672174),Kyle Clifford,26672174,W/UTIL,2500,CLS@TOR 02/11/2023 07:00PM ET,TOR,4
D,Zach Werenski (26672348),Zach Werenski,26672348,D/UTIL,2500,CLS@TOR 02/11/2023 07:00PM ET,CLS,12.4
D,Tim Berni (26672364),Tim Berni,26672364,D/UTIL,2500,CLS@TOR 02/11/2023 07:00PM ET,CLS,3.83
D,Marcus Bjork (26672366),Marcus Bjork,26672366,D/UTIL,2500,CLS@TOR 02/11/2023 07:00PM ET,CLS,6.39
D,Jake Christiansen (26672370),Jake Christiansen,26672370,D/UTIL,2500,CLS@TOR 02/11/2023 07:00PM ET,CLS,4.01
D,Billy Sweezey (26672372),Billy Sweezey,26672372,D/UTIL,2500,CLS@TOR 02/11/2023 07:00PM ET,CLS,0
D,Victor Mete (26672408),Victor Mete,26672408,D/UTIL,2500,CLS@TOR 02/11/2023 07:00PM ET,TOR,2.93
D,Carl Dahlstrom (26672410),Carl Dahlstrom,26672410,D/UTIL,2500,CLS@TOR 02/11/2023 07:00PM ET,TOR,0
D,Mac Hollowell (26672416),Mac Hollowell,26672416,D/UTIL,2500,CLS@TOR 02/11/2023 07:00PM ET,TOR,4.47
C,Jack Drury (26671882),Jack Drury,26671882,C/UTIL,2500,NYR@CAR 02/11/2023 07:00PM ET,CAR,3.46
C,Jake Leschyshyn (26671902),Jake Leschyshyn,26671902,C/UTIL,2500,NYR@CAR 02/11/2023 07:00PM ET,NYR,1.74
C,Gustav Rydahl (26671906),Gustav Rydahl,26671906,C/UTIL,2500,NYR@CAR 02/11/2023 07:00PM ET,NYR,0
C,Ryan Carpenter (26671908),Ryan Carpenter,26671908,C/UTIL,2500,NYR@CAR 02/11/2023 07:00PM ET,NYR,2.78
RW,Derek Stepan (26672116),Derek Stepan,26672116,W/UTIL,2500,NYR@CAR 02/11/2023 07:00PM ET,CAR,3.9
RW,Ondrej Kase (26672118),Ondrej Kase,26672118,W/UTIL,2500,NYR@CAR 02/11/2023 07:00PM ET,CAR,0
RW,Jesper Fast (26672144),Jesper Fast,26672144,W/UTIL,2500,NYR@CAR 02/11/2023 07:00PM ET,CAR,4.72
RW,Vitali Kravtsov (26672176),Vitali Kravtsov,26672176,W/UTIL,2500,NYR@CAR 02/11/2023 07:00PM ET,NYR,3.32
RW,Julien Gauthier (26672182),Julien Gauthier,26672182,W/UTIL,2500,NYR@CAR 02/11/2023 07:00PM ET,NYR,3.47
RW,Jonny Brodzinski (26672184),Jonny Brodzinski,26672184,W/UTIL,2500,NYR@CAR 02/11/2023 07:00PM ET,NYR,3.52
LW,Will Cuylle (26672186),Will Cuylle,26672186,W/UTIL,2500,NYR@CAR 02/11/2023 07:00PM ET,NYR,0.38
D,Jake Gardiner (26672378),Jake Gardiner,26672378,D/UTIL,2500,NYR@CAR 02/11/2023 07:00PM ET,CAR,0
D,Maxime Lajoie (26672396),Maxime Lajoie,26672396,D/UTIL,2500,NYR@CAR 02/11/2023 07:00PM ET,CAR,1
D,Cavan Fitzgerald (26672398),Cavan Fitzgerald,26672398,D/UTIL,2500,NYR@CAR 02/11/2023 07:00PM ET,CAR,0
D,Ben Harpur (26672430),Ben Harpur,26672430,D/UTIL,2500,NYR@CAR 02/11/2023 07:00PM ET,NYR,4.74
D,Niko Mikkola (26672432),Niko Mikkola,26672432,D/UTIL,2500,NYR@CAR 02/11/2023 07:00PM ET,NYR,3.41
D,Zac Jones (26672434),Zac Jones,26672434,D/UTIL,2500,NYR@CAR 02/11/2023 07:00PM ET,NYR,3.74
D,Libor Hajek (26672436),Libor Hajek,26672436,D/UTIL,2500,NYR@CAR 02/11/2023 07:00PM ET,NYR,3.75
C,Logan Brown (26671854),Logan Brown,26671854,C/UTIL,2500,ARI@STL 02/11/2023 08:00PM ET,STL,1.96
C,Jack McBain (26671856),Jack McBain,26671856,C/UTIL,2500,ARI@STL 02/11/2023 08:00PM ET,ARI,4.22
C,Bryan Little (26671858),Bryan Little,26671858,C/UTIL,2500,ARI@STL 02/11/2023 08:00PM ET,ARI,0
C,Nikita Alexandrov (26671874),Nikita Alexandrov,26671874,C/UTIL,2500,ARI@STL 02/11/2023 08:00PM ET,STL,4.36
C,Tanner Dickinson (26671878),Tanner Dickinson,26671878,C/UTIL,2500,ARI@STL 02/11/2023 08:00PM ET,STL,0
C,Laurent Dauphin (26671880),Laurent Dauphin,26671880,C/UTIL,2500,ARI@STL 02/11/2023 08:00PM ET,ARI,2.93
RW,Tyler Pitlick (26672082),Tyler Pitlick,26672082,W/UTIL,2500,ARI@STL 02/11/2023 08:00PM ET,STL,2.74
LW,Alexey Toropchenko (26672084),Alexey Toropchenko,26672084,W/UTIL,2500,ARI@STL 02/11/2023 08:00PM ET,STL,3.53
LW,Nathan Walker (26672086),Nathan Walker,26672086,W/UTIL,2500,ARI@STL 02/11/2023 08:00PM ET,STL,2.84
LW,Andrew Ladd (26672088),Andrew Ladd,26672088,W/UTIL,2500,ARI@STL 02/11/2023 08:00PM ET,ARI,0
RW,Zack Kassian (26672090),Zack Kassian,26672090,W/UTIL,2500,ARI@STL 02/11/2023 08:00PM ET,ARI,1.4
RW,Liam O'Brien (26672092),Liam O'Brien,26672092,W/UTIL,2500,ARI@STL 02/11/2023 08:00PM ET,ARI,2.59
LW,Jake Neighbours (26672108),Jake Neighbours,26672108,W/UTIL,2500,ARI@STL 02/11/2023 08:00PM ET,STL,4.37
LW,Matthew Peca (26672110),Matthew Peca,26672110,W/UTIL,2500,ARI@STL 02/11/2023 08:00PM ET,STL,0
RW,Will Bitten (26672112),Will Bitten,26672112,W/UTIL,2500,ARI@STL 02/11/2023 08:00PM ET,STL,1.25
RW,Dylan Guenther (26672114),Dylan Guenther,26672114,W/UTIL,2500,ARI@STL 02/11/2023 08:00PM ET,ARI,5.93
LW,Michael Carcone (26672120),Michael Carcone,26672120,W/UTIL,2500,ARI@STL 02/11/2023 08:00PM ET,ARI,5.09
RW,Milos Kelemen (26672122),Milos Kelemen,26672122,W/UTIL,2500,ARI@STL 02/11/2023 08:00PM ET,ARI,1.5
RW,Jan Jenik (26672130),Jan Jenik,26672130,W/UTIL,2500,ARI@STL 02/11/2023 08:00PM ET,ARI,1.3
D,Marco Scandella (26672350),Marco Scandella,26672350,D/UTIL,2500,ARI@STL 02/11/2023 08:00PM ET,STL,0
D,Tyler Tucker (26672352),Tyler Tucker,26672352,D/UTIL,2500,ARI@STL 02/11/2023 08:00PM ET,STL,3.47
D,Scott Perunovich (26672354),Scott Perunovich,26672354,D/UTIL,2500,ARI@STL 02/11/2023 08:00PM ET,STL,0
D,Patrik Nemeth (26672356),Patrik Nemeth,26672356,D/UTIL,2500,ARI@STL 02/11/2023 08:00PM ET,ARI,3.61
D,Robert Bortuzzo (26672374),Robert Bortuzzo,26672374,D/UTIL,2500,ARI@STL 02/11/2023 08:00PM ET,STL,2.89
D,Steven Santini (26672376),Steven Santini,26672376,D/UTIL,2500,ARI@STL 02/11/2023 08:00PM ET,STL,7.88
D,Dmitri Samorukov (26672380),Dmitri Samorukov,26672380,D/UTIL,2500,ARI@STL 02/11/2023 08:00PM ET,STL,0
D,Josh Brown (26672382),Josh Brown,26672382,D/UTIL,2500,ARI@STL 02/11/2023 08:00PM ET,ARI,4.75
D,Dysin Mayo (26672384),Dysin Mayo,26672384,D/UTIL,2500,ARI@STL 02/11/2023 08:00PM ET,ARI,3.18
C,Jesper Boqvist (26671862),Jesper Boqvist,26671862,C/UTIL,2500,NJ@MIN 02/11/2023 08:00PM ET,NJ,3.14
C,Connor Dewar (26671910),Connor Dewar,26671910,C/UTIL,2500,NJ@MIN 02/11/2023 08:00PM ET,MIN,4.12
C,Marco Rossi (26671912),Marco Rossi,26671912,C/UTIL,2500,NJ@MIN 02/11/2023 08:00PM ET,MIN,1.91
C,Joseph Cramarossa (26671914),Joseph Cramarossa,26671914,C/UTIL,2500,NJ@MIN 02/11/2023 08:00PM ET,MIN,2.82
C,Sammy Walker (26671916),Sammy Walker,26671916,C/UTIL,2500,NJ@MIN 02/11/2023 08:00PM ET,MIN,2.88
RW,Nathan Bastian (26672104),Nathan Bastian,26672104,W/UTIL,2500,NJ@MIN 02/11/2023 08:00PM ET,NJ,5.28
RW,Alexander Holtz (26672132),Alexander Holtz,26672132,W/UTIL,2500,NJ@MIN 02/11/2023 08:00PM ET,NJ,3.54
LW,Nolan Foote (26672134),Nolan Foote,26672134,W/UTIL,2500,NJ@MIN 02/11/2023 08:00PM ET,NJ,0.93
LW,Andreas Johnsson (26672136),Andreas Johnsson,26672136,W/UTIL,2500,NJ@MIN 02/11/2023 08:00PM ET,NJ,0.75
RW,Tyce Thompson (26672138),Tyce Thompson,26672138,W/UTIL,2500,NJ@MIN 02/11/2023 08:00PM ET,NJ,2.05
RW,Marcus Foligno (26672188),Marcus Foligno,26672188,W/UTIL,2500,NJ@MIN 02/11/2023 08:00PM ET,MIN,4.78
LW,Jordan Greenway (26672190),Jordan Greenway,26672190,W/UTIL,2500,NJ@MIN 02/11/2023 08:00PM ET,MIN,3.99
RW,Ryan Reaves (26672192),Ryan Reaves,26672192,W/UTIL,2500,NJ@MIN 02/11/2023 08:00PM ET,MIN,1.84
LW,Brandon Duhaime (26672194),Brandon Duhaime,26672194,W/UTIL,2500,NJ@MIN 02/11/2023 08:00PM ET,MIN,4.03
LW,Mason Shaw (26672196),Mason Shaw,26672196,W/UTIL,2500,NJ@MIN 02/11/2023 08:00PM ET,MIN,5.29
LW,Adam Beckman (26672198),Adam Beckman,26672198,W/UTIL,2500,NJ@MIN 02/11/2023 08:00PM ET,MIN,2.47
RW,Steven Fogarty (26672200),Steven Fogarty,26672200,W/UTIL,2500,NJ@MIN 02/11/2023 08:00PM ET,MIN,0
RW,Pavel Novak (26672202),Pavel Novak,26672202,W/UTIL,2500,NJ@MIN 02/11/2023 08:00PM ET,MIN,0
LW,Nic Petan (26672204),Nic Petan,26672204,W/UTIL,2500,NJ@MIN 02/11/2023 08:00PM ET,MIN,2.86
D,Brendan Smith (26672368),Brendan Smith,26672368,D/UTIL,2500,NJ@MIN 02/11/2023 08:00PM ET,NJ,3.99
D,John Marino (26672386),John Marino,26672386,D/UTIL,2500,NJ@MIN 02/11/2023 08:00PM ET,NJ,6.08
D,Kevin Bahl (26672390),Kevin Bahl,26672390,D/UTIL,2500,NJ@MIN 02/11/2023 08:00PM ET,NJ,3.71
D,Tyler Wotherspoon (26672392),Tyler Wotherspoon,26672392,D/UTIL,2500,NJ@MIN 02/11/2023 08:00PM ET,NJ,0
D,Nikita Okhotiuk (26672394),Nikita Okhotiuk,26672394,D/UTIL,2500,NJ@MIN 02/11/2023 08:00PM ET,NJ,2.92
D,Jon Merrill (26672438),Jon Merrill,26672438,D/UTIL,2500,NJ@MIN 02/11/2023 08:00PM ET,MIN,4.5
D,Andrej Sustr (26672440),Andrej Sustr,26672440,D/UTIL,2500,NJ@MIN 02/11/2023 08:00PM ET,MIN,0
C,MacKenzie Entwistle (26671850),MacKenzie Entwistle,26671850,C/UTIL,2500,CHI@WPG 02/11/2023 10:00PM ET,CHI,2.63
C,Luke Philp (26671860),Luke Philp,26671860,C/UTIL,2500,CHI@WPG 02/11/2023 10:00PM ET,CHI,2.5
C,Jalen Luypen (26671864),Jalen Luypen,26671864,C/UTIL,2500,CHI@WPG 02/11/2023 10:00PM ET,CHI,0
C,Kevin Stenlund (26671870),Kevin Stenlund,26671870,C/UTIL,2500,CHI@WPG 02/11/2023 10:00PM ET,WPG,4.08
C,David Gustafsson (26671872),David Gustafsson,26671872,C/UTIL,2500,CHI@WPG 02/11/2023 10:00PM ET,WPG,2.79
RW,Reese Johnson (26672072),Reese Johnson,26672072,W/UTIL,2500,CHI@WPG 02/11/2023 10:00PM ET,CHI,2.72
LW,Boris Katchouk (26672074),Boris Katchouk,26672074,W/UTIL,2500,CHI@WPG 02/11/2023 10:00PM ET,CHI,2.82
LW,Jujhar Khaira (26672076),Jujhar Khaira,26672076,W/UTIL,2500,CHI@WPG 02/11/2023 10:00PM ET,CHI,3.98
RW,Colin Blackwell (26672094),Colin Blackwell,26672094,W/UTIL,2500,CHI@WPG 02/11/2023 10:00PM ET,CHI,3.2
LW,Lukas Reichel (26672096),Lukas Reichel,26672096,W/UTIL,2500,CHI@WPG 02/11/2023 10:00PM ET,CHI,9.78
LW,Brett Seney (26672098),Brett Seney,26672098,W/UTIL,2500,CHI@WPG 02/11/2023 10:00PM ET,CHI,0.65
LW,Sam Gagner (26672124),Sam Gagner,26672124,W/UTIL,2500,CHI@WPG 02/11/2023 10:00PM ET,WPG,5.32
RW,Karson Kuhlman (26672126),Karson Kuhlman,26672126,W/UTIL,2500,CHI@WPG 02/11/2023 10:00PM ET,WPG,3.44
RW,Saku Maenalanen (26672128),Saku Maenalanen,26672128,W/UTIL,2500,CHI@WPG 02/11/2023 10:00PM ET,WPG,3.99
RW,Axel Jonsson-Fjallby (26672146),Axel Jonsson-Fjallby,26672146,W/UTIL,2500,CHI@WPG 02/11/2023 10:00PM ET,WPG,3.86
RW,Jansen Harkins (26672148),Jansen Harkins,26672148,W/UTIL,2500,CHI@WPG 02/11/2023 10:00PM ET,WPG,3.49
LW,Dominic Toninato (26672158),Dominic Toninato,26672158,W/UTIL,2500,CHI@WPG 02/11/2023 10:00PM ET,WPG,3.45
RW,Kristian Reichel (26672160),Kristian Reichel,26672160,W/UTIL,2500,CHI@WPG 02/11/2023 10:00PM ET,WPG,3.25
D,Jarred Tinordi (26672346),Jarred Tinordi,26672346,D/UTIL,2500,CHI@WPG 02/11/2023 10:00PM ET,CHI,4.7
D,Isaak Phillips (26672358),Isaak Phillips,26672358,D/UTIL,2500,CHI@WPG 02/11/2023 10:00PM ET,CHI,4.38
D,Alec Regula (26672360),Alec Regula,26672360,D/UTIL,2500,CHI@WPG 02/11/2023 10:00PM ET,CHI,4.1
D,Filip Roos (26672362),Filip Roos,26672362,D/UTIL,2500,CHI@WPG 02/11/2023 10:00PM ET,CHI,5.01
D,Kyle Capobianco (26672388),Kyle Capobianco,26672388,D/UTIL,2500,CHI@WPG 02/11/2023 10:00PM ET,WPG,2.52
D,Logan Stanley (26672400),Logan Stanley,26672400,D/UTIL,2500,CHI@WPG 02/11/2023 10:00PM ET,WPG,3.56
D,Ville Heinola (26672402),Ville Heinola,26672402,D/UTIL,2500,CHI@WPG 02/11/2023 10:00PM ET,WPG,2.16
C,Rasmus Kupari (26671876),Rasmus Kupari,26671876,C/UTIL,2500,PIT@LA 02/11/2023 10:30PM ET,LA,3.27
C,Blake Lizotte (26671884),Blake Lizotte,26671884,C/UTIL,2500,PIT@LA 02/11/2023 10:30PM ET,LA,5.09
C,Alex Turcotte (26671888),Alex Turcotte,26671888,C/UTIL,2500,PIT@LA 02/11/2023 10:30PM ET,LA,0.75
C,Lias Andersson (26671890),Lias Andersson,26671890,C/UTIL,2500,PIT@LA 02/11/2023 10:30PM ET,LA,1.5
C,Tyler Madden (26671892),Tyler Madden,26671892,C/UTIL,2500,PIT@LA 02/11/2023 10:30PM ET,LA,0
C,Teddy Blueger (26671894),Teddy Blueger,26671894,C/UTIL,2500,PIT@LA 02/11/2023 10:30PM ET,PIT,4.54
C,Jonathan Gruden (26671900),Jonathan Gruden,26671900,C/UTIL,2500,PIT@LA 02/11/2023 10:30PM ET,PIT,0.43
C,Filip Hallander (26671904),Filip Hallander,26671904,C/UTIL,2500,PIT@LA 02/11/2023 10:30PM ET,PIT,3.45
LW,Brendan Lemieux (26672140),Brendan Lemieux,26672140,W/UTIL,2500,PIT@LA 02/11/2023 10:30PM ET,LA,2.36
LW,Carl Grundstrom (26672142),Carl Grundstrom,26672142,W/UTIL,2500,PIT@LA 02/11/2023 10:30PM ET,LA,4.38
RW,Samuel Fagemo (26672162),Samuel Fagemo,26672162,W/UTIL,2500,PIT@LA 02/11/2023 10:30PM ET,LA,4.48
RW,Josh Archibald (26672166),Josh Archibald,26672166,W/UTIL,2500,PIT@LA 02/11/2023 10:30PM ET,PIT,4.04
LW,Drew O'Connor (26672168),Drew O'Connor,26672168,W/UTIL,2500,PIT@LA 02/11/2023 10:30PM ET,PIT,4
RW,Danton Heinen (26672170),Danton Heinen,26672170,W/UTIL,2500,PIT@LA 02/11/2023 10:30PM ET,PIT,4.91
LW,Sam Poulin (26672178),Sam Poulin,26672178,W/UTIL,2500,PIT@LA 02/11/2023 10:30PM ET,PIT,3.1
LW,Drake Caggiula (26672180),Drake Caggiula,26672180,W/UTIL,2500,PIT@LA 02/11/2023 10:30PM ET,PIT,1.43
D,Brandt Clarke (26672404),Brandt Clarke,26672404,D/UTIL,2500,PIT@LA 02/11/2023 10:30PM ET,LA,5.3
D,Tobias Bjornfot (26672406),Tobias Bjornfot,26672406,D/UTIL,2500,PIT@LA 02/11/2023 10:30PM ET,LA,4.17
D,Jordan Spence (26672412),Jordan Spence,26672412,D/UTIL,2500,PIT@LA 02/11/2023 10:30PM ET,LA,3.3
D,Jacob Moverare (26672414),Jacob Moverare,26672414,D/UTIL,2500,PIT@LA 02/11/2023 10:30PM ET,LA,10.1
D,Jan Rutta (26672418),Jan Rutta,26672418,D/UTIL,2500,PIT@LA 02/11/2023 10:30PM ET,PIT,5.13
D,Mark Friedman (26672420),Mark Friedman,26672420,D/UTIL,2500,PIT@LA 02/11/2023 10:30PM ET,PIT,4.29
D,Pierre-Olivier Joseph (26672422),Pierre-Olivier Joseph,26672422,D/UTIL,2500,PIT@LA 02/11/2023 10:30PM ET,PIT,5
D,Chad Ruhwedel (26672424),Chad Ruhwedel,26672424,D/UTIL,2500,PIT@LA 02/11/2023 10:30PM ET,PIT,2.97
D,Taylor Fedun (26672426),Taylor Fedun,26672426,D/UTIL,2500,PIT@LA 02/11/2023 10:30PM ET,PIT,0
D,Ty Smith (26672428),Ty Smith,26672428,D/UTIL,2500,PIT@LA 02/11/2023 10:30PM ET,PIT,8.02