Name,Team,Pos,GP,G,A,P,PIM,X,TOIGP,TOIES,TOIPP,TOISH,ESG,PPG,SHG,GWG,OTG,SHOUTG,ESA,PPA,SHA,GWA,OTA,ESP,PPP,SHP,GWP,OTP,PPPPCT,GGP,AGP,PGP,SHOTS,SHPCT,HITS,BS
Artemi Panarin,NYR,F,1,4,1,5,2,4,15:31,14:43,0:48,0:00,4,0,0,1,0,0,0,1,0,0,0,4,1,0,1,0,20.00%,4,1,5,5,80.00%,0,0
Adrian Kempe,LAK,F,1,4,0,4,2,2,17:45,11:53,4:03,1:49,2,2,0,0,0,0,0,0,0,0,0,2,2,0,0,0,50.00%,4,0,4,7,57.10%,1,0
Nick Schmaltz,ARI,F,1,1,3,4,0,2,18:36,14:22,2:19,1:55,0,1,0,0,0,0,2,1,0,0,0,2,2,0,0,0,50.00%,1,3,4,2,50.00%,1,0
Dillon Dube,CGY,F,1,1,3,4,0,2,16:06,12:02,3:02,1:02,1,0,0,0,0,0,2,1,0,1,0,3,1,0,1,0,25.00%,1,3,4,3,33.30%,1,1
Juuso Välimäki,ARI,D,1,0,4,4,2,0,21:52,18:10,3:02,0:40,0,0,0,0,0,0,2,2,0,0,0,2,2,0,0,0,50.00%,0,4,4,1,0.00%,0,3
Blake Wheeler,WPG,F,1,2,1,3,0,1,17:08,14:45,2:23,0:00,1,1,0,1,0,0,1,0,0,0,0,2,1,0,1,0,33.30%,2,1,3,2,100.00%,0,0
Tyler Toffoli,CGY,F,1,2,1,3,0,2,14:25,11:26,2:59,0:00,1,1,0,0,0,0,1,0,0,0,0,2,1,0,0,0,33.30%,2,1,3,5,40.00%,1,0
Nathan MacKinnon,COL,F,1,2,1,3,0,0,23:55,18:41,5:05,0:09,1,1,0,1,0,0,1,0,0,0,0,2,1,0,1,0,33.30%,2,1,3,6,33.30%,1,1
Dylan Larkin,DET,F,1,2,1,3,0,1,22:29,13:00,8:07,1:22,1,1,0,1,0,0,0,1,0,0,0,1,2,0,1,0,66.70%,2,1,3,5,40.00%,0,1
Clayton Keller,ARI,F,1,2,1,3,0,2,20:49,14:46,3:01,3:02,2,0,0,0,0,0,0,1,0,0,0,2,1,0,0,0,33.30%,2,1,3,4,50.00%,0,0
Anthony Cirelli,TBL,F,1,2,1,3,0,3,17:35,12:58,0:00,4:37,2,0,0,1,0,0,1,0,0,0,0,3,0,0,1,0,0.00%,2,1,3,5,40.00%,0,0
Connor McDavid,EDM,F,1,1,2,3,0,1,22:01,15:30,4:25,2:06,1,0,0,0,0,0,0,1,1,0,0,1,1,1,0,0,33.30%,1,2,3,4,25.00%,7,1
Anze Kopitar,LAK,C,1,0,3,3,0,2,17:26,11:11,4:07,2:08,0,0,0,0,0,0,2,1,0,0,0,2,1,0,0,0,33.30%,0,3,3,1,0.00%,0,1
Mike Hoffman,MTL,F,1,0,3,3,2,1,17:06,14:24,2:42,0:00,0,0,0,0,0,0,3,0,0,1,1,3,0,0,1,1,0.00%,0,3,3,3,0.00%,0,1
Pavel Buchnevich,STL,F,1,0,3,3,2,2,21:43,13:34,7:06,1:03,0,0,0,0,0,0,3,0,0,1,1,3,0,0,1,1,0.00%,0,3,3,2,0.00%,0,0
Tomas Tatar,NJD,F,1,2,0,2,0,2,13:44,11:59,1:45,0:00,2,0,0,0,0,0,0,0,0,0,0,2,0,0,0,0,0.00%,2,0,2,3,66.70%,1,0
Calle Rosén,STL,D,1,2,0,2,0,2,17:32,14:39,0:37,2:16,2,0,0,0,0,0,0,0,0,0,0,2,0,0,0,0,0.00%,2,0,2,4,50.00%,1,1
Jonatan Berggren,DET,F,1,2,0,2,0,1,13:56,10:51,3:05,0:00,1,1,0,0,0,0,0,0,0,0,0,1,1,0,0,0,50.00%,2,0,2,3,66.70%,0,1
Matt Duchene,NSH,F,1,1,1,2,0,2,19:11,17:52,1:19,0:00,1,0,0,1,1,0,1,0,0,0,0,2,0,0,1,1,0.00%,1,1,2,1,100.00%,0,0
Nazem Kadri,CGY,F,1,1,1,2,0,2,17:21,14:19,2:50,0:12,1,0,0,0,0,0,1,0,0,0,0,2,0,0,0,0,0.00%,1,1,2,4,25.00%,1,3
Brock Nelson,NYI,F,1,1,1,2,0,0,21:28,18:24,2:21,0:43,1,0,0,0,0,0,0,1,0,0,0,1,1,0,0,0,50.00%,1,1,2,5,20.00%,0,0
Boone Jenner,CBJ,C,1,1,1,2,0,2,23:49,16:33,5:42,1:34,1,0,0,0,0,0,1,0,0,0,0,2,0,0,0,0,0.00%,1,1,2,9,11.10%,5,2
William Nylander,TOR,F,1,1,1,2,2,1,19:20,17:44,1:34,0:02,1,0,0,0,0,0,0,1,0,0,0,1,1,0,0,0,50.00%,1,1,2,4,25.00%,0,1
Josh Morrissey,WPG,D,1,1,1,2,0,2,22:06,19:28,2:31,0:07,1,0,0,0,0,0,0,1,0,1,0,1,1,0,1,0,50.00%,1,1,2,2,50.00%,3,3
Michael Matheson,MTL,D,1,1,1,2,0,3,25:37:00,19:59,2:56,2:42,1,0,0,1,1,0,1,0,0,0,0,2,0,0,1,1,0.00%,1,1,2,5,20.00%,2,1
Anthony Beauvillier,VAN,F,1,1,1,2,0,-1,16:30,14:01,2:29,0:00,0,1,0,0,0,0,1,0,0,0,0,1,1,0,0,0,50.00%,1,1,2,3,33.30%,1,0
Zach Hyman,EDM,F,1,1,1,2,0,2,20:46,16:30,3:42,0:34,1,0,0,0,0,0,1,0,0,0,0,2,0,0,0,0,0.00%,1,1,2,5,20.00%,1,0
Brandon Hagel,TBL,F,1,1,1,2,0,2,19:53,14:38,0:45,4:30,1,0,0,0,0,0,1,0,0,0,0,2,0,0,0,0,0.00%,1,1,2,4,25.00%,0,0
Dennis Gilbert,CGY,D,1,1,1,2,0,2,11:15,11:15,0:00,0:00,1,0,0,1,0,0,1,0,0,0,0,2,0,0,1,0,0.00%,1,1,2,1,100.00%,1,1
Kirill Marchenko,CBJ,F,1,1,1,2,0,2,18:44,14:07,4:37,0:00,1,0,0,0,0,0,1,0,0,0,0,2,0,0,0,0,0.00%,1,1,2,2,50.00%,0,0
Kent Johnson,CBJ,F,1,1,1,2,0,1,13:19,11:32,1:47,0:00,1,0,0,1,0,0,1,0,0,0,0,2,0,0,1,0,0.00%,1,1,2,5,20.00%,0,1
Drew Doughty,LAK,D,1,0,2,2,0,1,25:28:00,16:35,3:52,5:01,0,0,0,0,0,0,0,2,0,0,0,0,2,0,0,0,100.00%,0,2,2,1,0.00%,1,1
Brayden Schenn,STL,F,1,0,2,2,0,1,22:15,14:18,6:34,1:23,0,0,0,0,0,0,2,0,0,0,0,2,0,0,0,0,0.00%,0,2,2,1,0.00%,1,2
Christopher Tanev,CGY,D,1,0,2,2,0,1,23:24,20:34,0:15,2:35,0,0,0,0,0,0,2,0,0,0,0,2,0,0,0,0,0.00%,0,2,2,0,0.00%,1,5
Elias Lindholm,CGY,F,1,0,2,2,0,2,15:56,11:10,2:54,1:52,0,0,0,0,0,0,2,0,0,1,0,2,0,0,1,0,0.00%,0,2,2,1,0.00%,1,0
Alex Killorn,TBL,F,1,0,2,2,0,2,17:29,15:26,0:00,2:03,0,0,0,0,0,0,2,0,0,1,0,2,0,0,1,0,0.00%,0,2,2,2,0.00%,2,0
Ben Chiarot,DET,D,1,0,2,2,0,1,16:46,15:01,0:03,1:42,0,0,0,0,0,0,2,0,0,0,0,2,0,0,0,0,0.00%,0,2,2,2,0.00%,1,1
Mikko Rantanen,COL,F,1,0,2,2,2,0,21:13,16:07,5:06,0:00,0,0,0,0,0,0,1,1,0,1,0,1,1,0,1,0,50.00%,0,2,2,7,0.00%,0,2
Jonathan Huberdeau,CGY,F,1,0,2,2,0,2,16:34,13:40,2:42,0:12,0,0,0,0,0,0,2,0,0,0,0,2,0,0,0,0,0.00%,0,2,2,0,0.00%,0,0
Leon Draisaitl,EDM,F,1,0,2,2,2,1,23:18,18:21,4:32,0:25,0,0,0,0,0,0,1,1,0,0,0,1,1,0,0,0,50.00%,0,2,2,8,0.00%,0,0
Vincent Trocheck,NYR,C,1,0,2,2,0,4,16:05,14:27,0:00,1:38,0,0,0,0,0,0,2,0,0,1,0,2,0,0,1,0,0.00%,0,2,2,1,0.00%,2,1
Jimmy Vesey,NYR,F,1,0,2,2,0,4,16:03,14:29,0:00,1:34,0,0,0,0,0,0,2,0,0,0,0,2,0,0,0,0,0.00%,0,2,2,0,0.00%,4,1
Brett Kulak,EDM,D,1,0,2,2,2,2,17:01,15:20,0:09,1:32,0,0,0,0,0,0,1,0,1,1,0,1,0,1,1,0,0.00%,0,2,2,2,0.00%,2,1
Sam Reinhart,FLA,F,1,0,2,2,0,0,23:27,17:03,5:16,1:08,0,0,0,0,0,0,2,0,0,0,0,2,0,0,0,0,0.00%,0,2,2,4,0.00%,0,2
Kevin Fiala,LAK,F,1,0,2,2,2,1,15:11,11:09,4:02,0:00,0,0,0,0,0,0,1,1,0,0,0,1,1,0,0,0,50.00%,0,2,2,5,0.00%,1,0
J.T. Compher,COL,F,1,0,2,2,0,1,21:23,17:42,0:07,3:34,0,0,0,0,0,0,2,0,0,0,0,2,0,0,0,0,0.00%,0,2,2,3,0.00%,0,3
Colton Parayko,STL,D,1,0,2,2,0,1,20:57,18:17,0:20,2:20,0,0,0,0,0,0,2,0,0,1,1,2,0,0,1,1,0.00%,0,2,2,1,0.00%,0,2
Matthew Tkachuk,FLA,F,1,0,2,2,0,1,23:53,15:53,7:28,0:32,0,0,0,0,0,0,2,0,0,0,0,2,0,0,0,0,0.00%,0,2,2,7,0.00%,1,0
Mitchell Marner,TOR,F,1,0,2,2,0,1,28:05:00,22:19,1:34,4:12,0,0,0,0,0,0,1,1,0,0,0,1,1,0,0,0,50.00%,0,2,2,3,0.00%,1,0
Jordan Kyrou,STL,F,1,0,2,2,0,2,18:54,13:05,5:49,0:00,0,0,0,0,0,0,2,0,0,0,0,2,0,0,0,0,0.00%,0,2,2,4,0.00%,0,0
Rasmus Kupari,LAK,C,1,0,2,2,0,2,13:46,10:43,0:00,3:03,0,0,0,0,0,0,2,0,0,1,0,2,0,0,1,0,0.00%,0,2,2,1,0.00%,1,0
Noah Dobson,NYI,D,1,0,2,2,0,-1,20:11,17:29,2:42,0:00,0,0,0,0,0,0,1,1,0,0,0,1,1,0,0,0,50.00%,0,2,2,2,0.00%,1,0
Moritz Seider,DET,D,1,0,2,2,2,1,21:32,13:45,6:56,0:51,0,0,0,0,0,0,2,0,0,0,0,2,0,0,0,0,0.00%,0,2,2,2,0.00%,0,2
Nick Foligno,BOS,F,1,1,0,1,0,1,12:40,12:15,0:25,0:00,1,0,0,0,0,0,0,0,0,0,0,1,0,0,0,0,0.00%,1,0,1,3,33.30%,4,0
Claude Giroux,OTT,F,1,1,0,1,0,0,19:42,15:31,2:48,1:23,0,1,0,0,0,0,0,0,0,0,0,0,1,0,0,0,100.00%,1,0,1,3,33.30%,1,0
Nicklas Bäckström,WSH,F,1,1,0,1,0,-1,15:58,12:03,3:42,0:13,0,1,0,0,0,0,0,0,0,0,0,0,1,0,0,0,100.00%,1,0,1,2,50.00%,3,0
Mikael Backlund,CGY,F,1,1,0,1,0,1,18:59,13:32,3:09,2:18,1,0,0,0,0,0,0,0,0,0,0,1,0,0,0,0,0.00%,1,0,1,5,20.00%,1,1
Ryan O'Reilly,STL,C,1,1,0,1,2,1,17:25,13:20,3:16,0:49,1,0,0,1,1,0,0,0,0,0,0,1,0,0,1,1,0.00%,1,0,1,3,33.30%,0,1
Jamie Benn,DAL,F,1,1,0,1,0,0,17:17,13:42,3:35,0:00,1,0,0,0,0,0,0,0,0,0,0,1,0,0,0,0,0.00%,1,0,1,4,25.00%,2,2
Matthew Martin,NYI,F,1,1,0,1,0,1,9:32,9:32,0:00,0:00,1,0,0,0,0,0,0,0,0,0,0,1,0,0,0,0,0.00%,1,0,1,3,33.30%,0,0
Nino Niederreiter,NSH,F,1,1,0,1,0,1,16:52,16:07,0:45,0:00,1,0,0,0,0,0,0,0,0,0,0,1,0,0,0,0,0.00%,1,0,1,4,25.00%,3,0
Mark Scheifele,WPG,C,1,1,0,1,0,0,18:01,15:30,2:31,0:00,1,0,0,0,0,0,0,0,0,0,0,1,0,0,0,0,0.00%,1,0,1,5,20.00%,0,0
Mika Zibanejad,NYR,C,1,1,0,1,2,0,17:03,15:36,0:48,0:39,0,1,0,0,0,0,0,0,0,0,0,0,1,0,0,0,100.00%,1,0,1,1,100.00%,1,2
Ryan Nugent-Hopkins,EDM,F,1,1,0,1,0,1,20:46,14:46,3:42,2:18,0,1,0,0,0,0,0,0,0,0,0,0,1,0,0,0,100.00%,1,0,1,5,20.00%,0,2
Brandon Saad,STL,F,1,1,0,1,0,0,17:13,13:10,3:26,0:37,1,0,0,0,0,0,0,0,0,0,0,1,0,0,0,0,0.00%,1,0,1,2,50.00%,0,0
Teuvo Teräväinen,CAR,F,1,1,0,1,0,-2,19:05,15:43,3:22,0:00,1,0,0,0,0,0,0,0,0,0,0,1,0,0,0,0,0.00%,1,0,1,3,33.30%,0,0
Aleksander Barkov,FLA,F,1,1,0,1,0,0,23:49,16:30,5:13,2:06,1,0,0,0,0,0,0,0,0,0,0,1,0,0,0,0,0.00%,1,0,1,5,20.00%,2,0
Tyler Johnson,CHI,F,1,1,0,1,2,-1,19:58,14:52,4:19,0:47,1,0,0,0,0,0,0,0,0,0,0,1,0,0,0,0,0.00%,1,0,1,5,20.00%,0,0
Nick Bjugstad,ARI,C,1,1,0,1,0,-3,20:31,15:52,2:09,2:30,0,1,0,0,0,0,0,0,0,0,0,0,1,0,0,0,100.00%,1,0,1,3,33.30%,0,0
Morgan Rielly,TOR,D,1,1,0,1,0,-1,22:17,19:33,1:34,1:10,0,1,0,0,0,0,0,0,0,0,0,0,1,0,0,0,100.00%,1,0,1,6,16.70%,1,5
Ryan Hartman,MIN,C,1,1,0,1,17,1,13:11,11:49,0:00,1:22,1,0,0,0,0,0,0,0,0,0,0,1,0,0,0,0,0.00%,1,0,1,3,33.30%,0,0
Sean Kuraly,CBJ,C,1,1,0,1,2,1,15:59,15:52,0:00,0:07,1,0,0,0,0,0,0,0,0,0,0,1,0,0,0,0,0.00%,1,0,1,3,33.30%,7,0
Matthew Nieto,COL,F,1,1,0,1,0,0,9:42,7:19,0:00,2:23,1,0,0,0,0,0,0,0,0,0,0,1,0,0,0,0,0.00%,1,0,1,2,50.00%,0,0
Aaron Ekblad,FLA,D,1,1,0,1,0,0,26:11:00,19:17,4:21,2:33,1,0,0,0,0,0,0,0,0,0,0,1,0,0,0,0,0.00%,1,0,1,6,16.70%,0,1
Bo Horvat,NYI,F,1,1,0,1,0,-1,22:32,18:00,2:37,1:55,0,1,0,0,0,0,0,0,0,0,0,0,1,0,0,0,100.00%,1,0,1,5,20.00%,0,0
Garnet Hathaway,WSH,F,1,1,0,1,0,1,13:11,11:12,0:00,1:59,1,0,0,1,0,0,0,0,0,0,0,1,0,0,1,0,0.00%,1,0,1,3,33.30%,0,2
Kevin Hayes,PHI,F,1,1,0,1,0,0,19:41,19:41,0:00,0:00,1,0,0,0,0,0,0,0,0,0,0,1,0,0,0,0,0.00%,1,0,1,5,20.00%,0,0
Jesse Puljujärvi,EDM,F,1,1,0,1,0,0,12:18,10:18,2:00,0:00,1,0,0,1,0,0,0,0,0,0,0,1,0,0,1,0,0.00%,1,0,1,3,33.30%,3,0
Derek Ryan,EDM,F,1,1,0,1,2,0,9:13,7:57,0:04,1:12,0,0,1,0,0,0,0,0,0,0,0,0,0,1,0,0,0.00%,1,0,1,1,100.00%,0,2
Joel Eriksson Ek,MIN,C,1,1,0,1,2,-1,17:08,13:48,2:46,0:34,0,1,0,0,0,0,0,0,0,0,0,0,1,0,0,0,100.00%,1,0,1,3,33.30%,1,1
Lawson Crouse,ARI,F,1,1,0,1,0,-1,20:22,15:33,2:35,2:14,1,0,0,0,0,0,0,0,0,0,0,1,0,0,0,0,0.00%,1,0,1,6,16.70%,4,0
Sam Bennett,FLA,F,1,1,0,1,0,0,16:49,12:42,3:31,0:36,1,0,0,0,0,0,0,0,0,0,0,1,0,0,0,0,0.00%,1,0,1,5,20.00%,2,0
Filip Hronek,DET,D,1,1,0,1,0,1,21:38,16:46,4:00,0:52,1,0,0,0,0,0,0,0,0,0,0,1,0,0,0,0,0.00%,1,0,1,2,50.00%,2,0
Tage Thompson,BUF,F,1,1,0,1,0,-2,18:29,14:18,3:21,0:50,0,1,0,0,0,0,0,0,0,0,0,0,1,0,0,0,100.00%,1,0,1,1,100.00%,0,2
Michael Bunting,TOR,F,1,1,0,1,4,1,19:06,18:59,0:07,0:00,1,0,0,0,0,0,0,0,0,0,0,1,0,0,0,0,0.00%,1,0,1,3,33.30%,3,0
Erik Brännström,OTT,D,1,1,0,1,0,1,15:17,12:52,0:00,2:25,1,0,0,0,0,0,0,0,0,0,0,1,0,0,0,0,0.00%,1,0,1,2,50.00%,1,2
Samuel Blais,STL,F,1,1,0,1,2,0,11:33,8:53,2:40,0:00,1,0,0,0,0,0,0,0,0,0,0,1,0,0,0,0,0.00%,1,0,1,3,33.30%,3,1
Elias Pettersson,VAN,F,1,1,0,1,0,-1,20:24,14:15,2:30,3:39,1,0,0,0,0,0,0,0,0,0,0,1,0,0,0,0,0.00%,1,0,1,4,25.00%,1,1
Casey Mittelstadt,BUF,F,1,1,0,1,0,-2,14:11,12:37,1:34,0:00,1,0,0,0,0,0,0,0,0,0,0,1,0,0,0,0,0.00%,1,0,1,1,100.00%,1,0
Robert Thomas,STL,C,1,1,0,1,0,2,22:40,14:29,6:23,1:48,1,0,0,0,0,0,0,0,0,0,0,1,0,0,0,0,0.00%,1,0,1,2,50.00%,0,0
Ryan McLeod,EDM,F,1,1,0,1,0,0,15:49,10:33,2:52,2:24,0,0,1,0,0,0,0,0,0,0,0,0,0,1,0,0,0.00%,1,0,1,2,50.00%,0,0
Nicholas Suzuki,MTL,F,1,1,0,1,0,1,23:29,19:12,2:56,1:21,1,0,0,0,0,0,0,0,0,0,0,1,0,0,0,0,0.00%,1,0,1,3,33.30%,0,0
Jaret Anderson-Dolan,LAK,F,1,1,0,1,0,1,11:15,10:15,0:00,1:00,1,0,0,1,0,0,0,0,0,0,0,1,0,0,1,0,0.00%,1,0,1,1,100.00%,0,2
Devon Toews,COL,D,1,1,0,1,0,2,29:30:00,18:39,5:02,5:49,1,0,0,0,0,0,0,0,0,0,0,1,0,0,0,0,0.00%,1,0,1,4,25.00%,0,0
Jesperi Kotkaniemi,CAR,C,1,1,0,1,0,-1,16:56,16:18,0:38,0:00,1,0,0,0,0,0,0,0,0,0,0,1,0,0,0,0,0.00%,1,0,1,3,33.30%,1,1
Kirby Dach,MTL,F,1,1,0,1,0,0,19:29,16:32,2:57,0:00,1,0,0,0,0,0,0,0,0,0,0,1,0,0,0,0,0.00%,1,0,1,1,100.00%,3,1
Alex Iafallo,LAK,F,1,1,0,1,0,1,13:39,11:10,0:00,2:29,1,0,0,0,0,0,0,0,0,0,0,1,0,0,0,0,0.00%,1,0,1,2,50.00%,0,1
Kaapo Kakko,NYR,F,1,1,0,1,0,0,15:35,15:35,0:00,0:00,1,0,0,0,0,0,0,0,0,0,0,1,0,0,0,0,0.00%,1,0,1,2,50.00%,0,0
Justin Barron,MTL,D,1,1,0,1,0,2,17:04,17:04,0:00,0:00,1,0,0,0,0,0,0,0,0,0,0,1,0,0,0,0,0.00%,1,0,1,4,25.00%,1,0
Jakob Pelletier,CGY,F,1,1,0,1,0,2,14:58,12:31,2:27,0:00,1,0,0,0,0,0,0,0,0,0,0,1,0,0,0,0,0.00%,1,0,1,4,25.00%,1,0
Logan O'Connor,COL,F,1,1,0,1,0,1,12:51,9:13,0:00,3:38,0,0,1,0,0,0,0,0,0,0,0,0,0,1,0,0,0.00%,1,0,1,1,100.00%,0,0
Jake Sanderson,OTT,D,1,1,0,1,0,1,19:29,14:24,1:40,3:25,1,0,0,0,0,0,0,0,0,0,0,1,0,0,0,0,0.00%,1,0,1,1,100.00%,0,2
Alexander Edler,LAK,D,1,0,1,1,2,1,16:17,14:05,0:00,2:12,0,0,0,0,0,0,1,0,0,1,0,1,0,0,1,0,0.00%,0,1,1,0,0.00%,3,1
Eric Staal,FLA,F,1,0,1,1,0,0,10:54,8:12,0:09,2:33,0,0,0,0,0,0,1,0,0,0,0,1,0,0,0,0,0.00%,0,1,1,0,0.00%,0,1
David Perron,DET,F,1,0,1,1,0,0,18:20,10:29,7:51,0:00,0,0,0,0,0,0,0,1,0,1,0,0,1,0,1,0,100.00%,0,1,1,1,0.00%,2,0
Andrew Cogliano,COL,F,1,0,1,1,0,1,10:17,8:08,0:00,2:09,0,0,0,0,0,0,0,0,1,0,0,0,0,1,0,0,0.00%,0,1,1,2,0.00%,0,0
Evander Kane,EDM,F,1,0,1,1,5,0,17:29,13:52,1:49,1:48,0,0,0,0,0,0,0,0,1,0,0,0,0,1,0,0,0.00%,0,1,1,3,0.00%,0,0
Victor Hedman,TBL,D,1,0,1,1,2,1,25:33:00,22:14,0:45,2:34,0,0,0,0,0,0,1,0,0,1,0,1,0,0,1,0,0.00%,0,1,1,3,0.00%,1,1
Evgeny Dadonov,MTL,F,1,0,1,1,0,0,16:31,13:32,2:59,0:00,0,0,0,0,0,0,1,0,0,0,0,1,0,0,0,0,0.00%,0,1,1,2,0.00%,0,1
Dmitry Orlov,WSH,D,1,0,1,1,2,0,22:59,20:21,1:24,1:14,0,0,0,0,0,0,0,1,0,0,0,0,1,0,0,0,100.00%,0,1,1,2,0.00%,0,1
Nick Leddy,STL,D,1,0,1,1,0,0,19:03,16:02,0:07,2:54,0,0,0,0,0,0,1,0,0,0,0,1,0,0,0,0,0.00%,0,1,1,2,0.00%,1,1
Taylor Hall,BOS,F,1,0,1,1,0,1,18:14,17:18,0:56,0:00,0,0,0,0,0,0,1,0,0,0,0,1,0,0,0,0,0.00%,0,1,1,3,0.00%,1,3
Marcus Johansson,WSH,F,1,0,1,1,0,-1,16:53,12:24,3:20,1:09,0,0,0,0,0,0,0,1,0,0,0,0,1,0,0,0,100.00%,0,1,1,1,0.00%,2,0
Nick Holden,OTT,D,1,0,1,1,0,1,15:36,12:21,0:00,3:15,0,0,0,0,0,0,1,0,0,0,0,1,0,0,0,0,0.00%,0,1,1,1,0.00%,2,1
Mats Zuccarello,MIN,F,1,0,1,1,0,1,21:29,18:17,3:05,0:07,0,0,0,0,0,0,0,1,0,0,0,0,1,0,0,0,100.00%,0,1,1,1,0.00%,1,2
Jacob Markström,CGY,G,1,0,1,1,0,,,,,,0,0,0,0,0,1,1,,,,,,,,0,0,0.00%,0,1,1,,,,
Nikita Kucherov,TBL,F,1,0,1,1,0,1,22:09,21:19,0:45,0:05,0,0,0,0,0,0,1,0,0,0,0,1,0,0,0,0,0.00%,0,1,1,4,0.00%,0,2
Roman Josi,NSH,D,1,0,1,1,0,1,25:20:00,23:58,1:22,0:00,0,0,0,0,0,0,1,0,0,1,1,1,0,0,1,1,0.00%,0,1,1,3,0.00%,0,1
Ryan Johansen,NSH,F,1,0,1,1,0,1,19:38,18:23,1:15,0:00,0,0,0,0,0,0,1,0,0,1,1,1,0,0,1,1,0.00%,0,1,1,1,0.00%,0,0
Calvin de Haan,CAR,D,1,0,1,1,0,1,15:12,15:12,0:00,0:00,0,0,0,0,0,0,1,0,0,0,0,1,0,0,0,0,0.00%,0,1,1,2,0.00%,2,1
Chris Kreider,NYR,F,1,0,1,1,0,0,18:04,15:08,0:48,2:08,0,0,0,0,0,0,0,1,0,0,0,0,1,0,0,0,100.00%,0,1,1,2,0.00%,1,0
Jonas Brodin,MIN,D,1,0,1,1,0,-1,25:46:00,23:09,0:42,1:55,0,0,0,0,0,0,1,0,0,0,0,1,0,0,0,0,0.00%,0,1,1,1,0.00%,1,2
Calle Järnkrok,TOR,F,1,0,1,1,0,-1,17:06,13:20,0:00,3:46,0,0,0,0,0,0,1,0,0,0,0,1,0,0,0,0,0.00%,0,1,1,1,0.00%,1,2
Ondrej Palat,NJD,F,1,0,1,1,0,1,18:52,16:55,1:57,0:00,0,0,0,0,0,0,1,0,0,0,0,1,0,0,0,0,0.00%,0,1,1,2,0.00%,2,2
Tyler Pitlick,STL,F,1,0,1,1,0,1,7:25,7:25,0:00,0:00,0,0,0,0,0,0,1,0,0,0,0,1,0,0,0,0,0.00%,0,1,1,0,0.00%,0,0
J.T. Miller,VAN,F,1,0,1,1,4,-1,16:24,11:11,2:26,2:47,0,0,0,0,0,0,0,1,0,0,0,0,1,0,0,0,100.00%,0,1,1,5,0.00%,1,0
Dougie Hamilton,NJD,D,1,0,1,1,0,0,22:45,20:56,1:49,0:00,0,0,0,0,0,0,1,0,0,0,0,1,0,0,0,0,0.00%,0,1,1,2,0.00%,2,2
Sebastian AhoNYI,NYI,D,1,0,1,1,2,0,16:16,16:16,0:00,0:00,0,0,0,0,0,0,1,0,0,0,0,1,0,0,0,0,0.00%,0,1,1,1,0.00%,0,0
Jacob Trouba,NYR,D,1,0,1,1,0,1,21:03,19:57,0:00,1:06,0,0,0,0,0,0,1,0,0,0,0,1,0,0,0,0,0.00%,0,1,1,0,0.00%,1,3
Olli Määttä,DET,D,1,0,1,1,2,1,19:10,17:11,0:03,1:56,0,0,0,0,0,0,1,0,0,0,0,1,0,0,0,0,0.00%,0,1,1,1,0.00%,0,5
Johnny Gaudreau,CBJ,F,1,0,1,1,2,2,22:35,16:23,6:12,0:00,0,0,0,0,0,0,1,0,0,0,0,1,0,0,0,0,0.00%,0,1,1,3,0.00%,0,0
Jake McCabe,CHI,D,1,0,1,1,0,1,17:31,16:33,0:00,0:58,0,0,0,0,0,0,1,0,0,0,0,1,0,0,0,0,0.00%,0,1,1,1,0.00%,0,3
Mathew Dumba,MIN,D,1,0,1,1,0,-1,24:08:00,23:15,0:00,0:53,0,0,0,0,0,0,1,0,0,0,0,1,0,0,0,0,0.00%,0,1,1,2,0.00%,3,0
Scott Mayfield,NYI,D,1,0,1,1,0,1,21:08,18:42,0:00,2:26,0,0,0,0,0,0,1,0,0,0,0,1,0,0,0,0,0.00%,0,1,1,1,0.00%,2,5
Adam Lowry,WPG,C,1,0,1,1,5,2,13:25,11:33,0:00,1:52,0,0,0,0,0,0,1,0,0,0,0,1,0,0,0,0,0.00%,0,1,1,0,0.00%,1,0
Damon Severson,NJD,D,1,0,1,1,0,1,17:04,16:13,0:51,0:00,0,0,0,0,0,0,1,0,0,0,0,1,0,0,0,0,0.00%,0,1,1,1,0.00%,1,2
Victor Olofsson,BUF,F,1,0,1,1,0,-2,12:45,10:56,1:49,0:00,0,0,0,0,0,0,1,0,0,0,0,1,0,0,0,0,0.00%,0,1,1,1,0.00%,0,0
Josh Anderson,MTL,F,1,0,1,1,0,1,19:29,18:31,0:58,0:00,0,0,0,0,0,0,1,0,0,0,0,1,0,0,0,0,0.00%,0,1,1,1,0.00%,3,1
Darnell Nurse,EDM,D,1,0,1,1,0,1,24:17:00,17:19,2:54,4:04,0,0,0,0,0,0,1,0,0,1,0,1,0,0,1,0,0.00%,0,1,1,3,0.00%,3,3
Patrick Brown,PHI,F,1,0,1,1,0,1,11:18,10:01,0:00,1:17,0,0,0,0,0,0,1,0,0,0,0,1,0,0,0,0,0.00%,0,1,1,1,0.00%,2,0
Kyle Connor,WPG,F,1,0,1,1,0,0,19:33,16:54,2:31,0:08,0,0,0,0,0,0,0,1,0,1,0,0,1,0,1,0,100.00%,0,1,1,4,0.00%,0,0
Jason Dickinson,CHI,C,1,0,1,1,0,-1,15:39,13:59,0:07,1:33,0,0,0,0,0,0,1,0,0,0,0,1,0,0,0,0,0.00%,0,1,1,1,0.00%,0,1
Connor Clifton,BOS,D,1,0,1,1,0,0,16:23,15:38,0:00,0:45,0,0,0,0,0,0,1,0,0,0,0,1,0,0,0,0,0.00%,0,1,1,0,0.00%,2,1
Robby Fabbri,DET,F,1,0,1,1,0,1,18:14,11:11,7:03,0:00,0,0,0,0,0,0,0,1,0,1,0,0,1,0,1,0,100.00%,0,1,1,1,0.00%,2,1
Nikolaj Ehlers,WPG,F,1,0,1,1,2,0,13:11,13:11,0:00,0:00,0,0,0,0,0,0,1,0,0,0,0,1,0,0,0,0,0.00%,0,1,1,2,0.00%,1,1
Tyler Bertuzzi,DET,F,1,0,1,1,0,1,20:37,13:05,7:32,0:00,0,0,0,0,0,0,0,1,0,0,0,0,1,0,0,0,100.00%,0,1,1,2,0.00%,0,1
Jack Roslovic,CBJ,C,1,0,1,1,0,0,10:11,6:59,3:12,0:00,0,0,0,0,0,0,1,0,0,1,0,1,0,0,1,0,0.00%,0,1,1,0,0.00%,0,0
Blake Coleman,CGY,F,1,0,1,1,0,1,14:23,12:38,0:00,1:45,0,0,0,0,0,0,1,0,0,0,0,1,0,0,0,0,0.00%,0,1,1,1,0.00%,1,0
Mathieu Olivier,CBJ,F,1,0,1,1,0,1,16:24,16:24,0:00,0:00,0,0,0,0,0,0,1,0,0,0,0,1,0,0,0,0,0.00%,0,1,1,4,0.00%,1,2
Mathieu Joseph,OTT,F,1,0,1,1,0,0,14:28,10:51,0:08,3:29,0,0,0,0,0,0,1,0,0,0,0,1,0,0,0,0,0.00%,0,1,1,3,0.00%,0,1
Samuel Girard,COL,D,1,0,1,1,0,-1,25:34:00,21:02,0:28,4:04,0,0,0,0,0,0,0,0,1,0,0,0,0,1,0,0,0.00%,0,1,1,2,0.00%,2,3
Alex DeBrincat,OTT,F,1,0,1,1,0,-1,17:47,13:52,3:50,0:05,0,0,0,0,0,0,1,0,0,0,0,1,0,0,0,0,0.00%,0,1,1,1,0.00%,0,0
Jesper Boqvist,NJD,C,1,0,1,1,0,1,11:56,11:18,0:38,0:00,0,0,0,0,0,0,1,0,0,0,0,1,0,0,0,0,0.00%,0,1,1,1,0.00%,1,2
Tyson Jost,BUF,F,1,0,1,1,0,-2,13:04,11:55,0:00,1:09,0,0,0,0,0,0,1,0,0,0,0,1,0,0,0,0,0.00%,0,1,1,2,0.00%,0,2
Andrei Svechnikov,CAR,F,1,0,1,1,0,-1,16:54,13:34,3:20,0:00,0,0,0,0,0,0,1,0,0,0,0,1,0,0,0,0,0.00%,0,1,1,3,0.00%,5,0
Alexei Toropchenko,STL,F,1,0,1,1,0,1,9:39,7:55,0:00,1:44,0,0,0,0,0,0,1,0,0,0,0,1,0,0,0,0,0.00%,0,1,1,1,0.00%,3,0
Rafael Harvey-Pinard,MTL,F,1,0,1,1,0,1,17:45,17:45,0:00,0:00,0,0,0,0,0,0,1,0,0,0,0,1,0,0,0,0,0.00%,0,1,1,2,0.00%,3,5
Calen Addison,MIN,D,1,0,1,1,0,0,16:08,12:58,3:05,0:05,0,0,0,0,0,0,0,1,0,0,0,0,1,0,0,0,100.00%,0,1,1,0,0.00%,0,0
Cody Glass,NSH,F,1,0,1,1,0,1,14:53,13:39,1:14,0:00,0,0,0,0,0,0,1,0,0,0,0,1,0,0,0,0,0.00%,0,1,1,1,0.00%,0,0
Michael Rasmussen,DET,F,1,0,1,1,0,1,15:25,13:57,0:03,1:25,0,0,0,0,0,0,1,0,0,0,0,1,0,0,0,0,0.00%,0,1,1,0,0.00%,0,1
Rasmus Dahlin,BUF,D,1,0,1,1,2,-2,23:17,19:06,3:21,0:50,0,0,0,0,0,0,0,1,0,0,0,0,1,0,0,0,100.00%,0,1,1,0,0.00%,1,1
Troy Stecher,ARI,D,1,0,1,1,0,0,25:39:00,18:51,0:00,6:48,0,0,0,0,0,0,1,0,0,0,0,1,0,0,0,0,0.00%,0,1,1,1,0.00%,0,2
Alexander Kerfoot,TOR,C,1,0,1,1,0,0,17:54,15:16,0:00,2:38,0,0,0,0,0,0,1,0,0,0,0,1,0,0,0,0,0.00%,0,1,1,2,0.00%,1,3
Quinn Hughes,VAN,D,1,0,1,1,2,0,21:44,18:12,2:27,1:05,0,0,0,0,0,0,0,1,0,0,0,0,1,0,0,0,100.00%,0,1,1,4,0.00%,0,0
Joel Farabee,PHI,F,1,0,1,1,5,1,11:17,11:17,0:00,0:00,0,0,0,0,0,0,1,0,0,0,0,1,0,0,0,0,0.00%,0,1,1,2,0.00%,0,1
Brady Tkachuk,OTT,F,1,0,1,1,5,1,14:36,11:26,3:10,0:00,0,0,0,0,0,0,1,0,0,0,0,1,0,0,0,0,0.00%,0,1,1,3,0.00%,5,0
Alexander Romanov,NYI,D,1,0,1,1,0,1,19:20,17:46,0:00,1:34,0,0,0,0,0,0,1,0,0,0,0,1,0,0,0,0,0.00%,0,1,1,1,0.00%,3,1
Barrett Hayton,ARI,C,1,0,1,1,2,2,19:19,14:04,2:44,2:31,0,0,0,0,0,0,1,0,0,0,0,1,0,0,0,0,0.00%,0,1,1,4,0.00%,1,0
Braden Schneider,NYR,D,1,0,1,1,0,2,18:39,18:39,0:00,0:00,0,0,0,0,0,0,1,0,0,1,0,1,0,0,1,0,0.00%,0,1,1,2,0.00%,2,0
Dylan Cozens,BUF,F,1,0,1,1,0,0,16:36,12:20,3:06,1:10,0,0,0,0,0,0,0,1,0,0,0,0,1,0,0,0,100.00%,0,1,1,1,0.00%,0,1
Bowen Byram,COL,D,1,0,1,1,0,2,23:13,19:59,0:08,3:06,0,0,0,0,0,0,1,0,0,0,0,1,0,0,0,0,0.00%,0,1,1,3,0.00%,1,3
Michael Anderson,LAK,D,1,0,1,1,12,1,20:07,17:06,0:16,2:45,0,0,0,0,0,0,1,0,0,0,0,1,0,0,0,0,0.00%,0,1,1,0,0.00%,1,4
Morgan Barron,WPG,F,1,0,1,1,0,2,14:25,12:40,0:00,1:45,0,0,0,0,0,0,1,0,0,0,0,1,0,0,0,0,0.00%,0,1,1,0,0.00%,1,1
Alexis Lafrenière,NYR,F,1,0,1,1,0,0,14:30,14:30,0:00,0:00,0,0,0,0,0,0,1,0,0,0,0,1,0,0,0,0,0.00%,0,1,1,1,0.00%,1,1
Anton Lundell,FLA,F,1,0,1,1,0,-1,18:53,14:16,2:32,2:05,0,0,0,0,0,0,1,0,0,0,0,1,0,0,0,0,0.00%,0,1,1,0,0.00%,0,0
K'Andre Miller,NYR,D,1,0,1,1,0,1,20:49,19:43,0:00,1:06,0,0,0,0,0,0,1,0,0,0,0,1,0,0,0,0,0.00%,0,1,1,0,0.00%,2,1
Ridly Greig,OTT,F,1,0,1,1,2,-2,13:00,10:47,2:13,0:00,0,0,0,0,0,0,0,1,0,0,0,0,1,0,0,0,100.00%,0,1,1,0,0.00%,4,1
Quinton Byfield,LAK,F,1,0,1,1,0,2,13:50,10:04,3:46,0:00,0,0,0,0,0,0,1,0,0,0,0,1,0,0,0,0,0.00%,0,1,1,5,0.00%,3,1
Cole Sillinger,CBJ,C,1,0,1,1,0,0,13:57,11:40,2:17,0:00,0,0,0,0,0,0,1,0,0,1,0,1,0,0,1,0,0.00%,0,1,1,2,0.00%,0,1
Shane Pinto,OTT,F,1,0,1,1,0,-1,16:44,14:41,1:58,0:05,0,0,0,0,0,0,0,1,0,0,0,0,1,0,0,0,100.00%,0,1,1,0,0.00%,0,1
Patrice Bergeron,BOS,F,1,0,0,0,0,0,19:01,14:22,3:24,1:15,0,0,0,0,0,0,0,0,0,0,0,0,0,0,0,0,0.00%,0,0,0,3,0.00%,0,0
Brent Burns,CAR,D,1,0,0,0,0,0,21:32,20:07,1:25,0:00,0,0,0,0,0,0,0,0,0,0,0,0,0,0,0,0,0.00%,0,0,0,1,0.00%,1,2
Jeff Carter,PIT,C,1,0,0,0,0,0,12:32,9:16,3:16,0:00,0,0,0,0,0,0,0,0,0,0,0,0,0,0,0,0,0.00%,0,0,0,2,0.00%,1,0
Sidney Crosby,PIT,C,1,0,0,0,20,0,14:56,11:49,3:07,0:00,0,0,0,0,0,0,0,0,0,0,0,0,0,0,0,0,0.00%,0,0,0,1,0.00%,1,0
Mark Giordano,TOR,D,1,0,0,0,0,1,19:12,15:51,0:00,3:21,0,0,0,0,0,0,0,0,0,0,0,0,0,0,0,0,0.00%,0,0,0,3,0.00%,1,3
Jaroslav Halak,NYR,G,1,0,0,0,0,,,,,,0,0,0,0,0,0,0,,,,,,,,0,0,0.00%,0,0,0,,,,
Jack Johnson,CHI,D,1,0,0,0,0,0,17:18,15:45,0:00,1:33,0,0,0,0,0,0,0,0,0,0,0,0,0,0,0,0,0.00%,0,0,0,2,0.00%,4,2
David Krejcí,BOS,F,1,0,0,0,2,0,21:52,18:29,3:23,0:00,0,0,0,0,0,0,0,0,0,0,0,0,0,0,0,0,0.00%,0,0,0,1,0.00%,0,1
Kristopher Letang,PIT,D,1,0,0,0,0,-1,24:58:00,17:20,5:55,1:43,0,0,0,0,0,0,0,0,0,0,0,0,0,0,0,0,0.00%,0,0,0,3,0.00%,2,2
Evgeni Malkin,PIT,C,1,0,0,0,2,-2,20:07,13:10,6:57,0:00,0,0,0,0,0,0,0,0,0,0,0,0,0,0,0,0,0.00%,0,0,0,1,0.00%,1,1
Alexander Ovechkin,WSH,F,1,0,0,0,4,0,18:00,13:58,3:55,0:07,0,0,0,0,0,0,0,0,0,0,0,0,0,0,0,0,0.00%,0,0,0,2,0.00%,6,1
Zach Parise,NYI,F,1,0,0,0,0,-2,13:38,12:27,0:00,1:11,0,0,0,0,0,0,0,0,0,0,0,0,0,0,0,0,0.00%,0,0,0,1,0.00%,0,1
Joe Pavelski,DAL,F,1,0,0,0,0,-3,19:17,15:30,3:47,0:00,0,0,0,0,0,0,0,0,0,0,0,0,0,0,0,0,0.00%,0,0,0,2,0.00%,0,2
Corey Perry,TBL,F,1,0,0,0,2,0,11:18,10:33,0:45,0:00,0,0,0,0,0,0,0,0,0,0,0,0,0,0,0,0,0.00%,0,0,0,0,0.00%,0,1
Jordan Staal,CAR,C,1,0,0,0,0,0,13:05,12:17,0:00,0:48,0,0,0,0,0,0,0,0,0,0,0,0,0,0,0,0,0.00%,0,0,0,0,0.00%,3,0
Paul Stastny,CAR,C,1,0,0,0,0,0,12:17,11:40,0:37,0:00,0,0,0,0,0,0,0,0,0,0,0,0,0,0,0,0,0.00%,0,0,0,0,0.00%,0,0
Ryan Suter,DAL,D,1,0,0,0,0,0,18:22,16:02,2:20,0:00,0,0,0,0,0,0,0,0,0,0,0,0,0,0,0,0,0.00%,0,0,0,2,0.00%,0,2
Milan Lucic,CGY,F,1,0,0,0,2,0,10:47,10:42,0:05,0:00,0,0,0,0,0,0,0,0,0,0,0,0,0,0,0,0,0.00%,0,0,0,0,0.00%,2,0
Patrick Kane,CHI,F,1,0,0,0,0,-2,22:12,17:52,4:20,0:00,0,0,0,0,0,0,0,0,0,0,0,0,0,0,0,0,0.00%,0,0,0,3,0.00%,0,0
Erik Johnson,COL,D,1,0,0,0,2,0,1:31,1:31,0:00,0:00,0,0,0,0,0,0,0,0,0,0,0,0,0,0,0,0,0.00%,0,0,0,0,0.00%,0,1
Marc Staal,FLA,D,1,0,0,0,0,0,16:47,14:07,0:00,2:40,0,0,0,0,0,0,0,0,0,0,0,0,0,0,0,0,0.00%,0,0,0,1,0.00%,0,1
Derick Brassard,OTT,F,1,0,0,0,0,-1,12:43,10:24,2:19,0:00,0,0,0,0,0,0,0,0,0,0,0,0,0,0,0,0,0.00%,0,0,0,2,0.00%,1,0
Kyle Okposo,BUF,F,1,0,0,0,2,-2,13:27,11:12,0:22,1:53,0,0,0,0,0,0,0,0,0,0,0,0,0,0,0,0,0.00%,0,0,0,6,0.00%,0,0
Steven Stamkos,TBL,F,1,0,0,0,2,1,19:29,18:44,0:45,0:00,0,0,0,0,0,0,0,0,0,0,0,0,0,0,0,0,0.00%,0,0,0,2,0.00%,1,0
Luke Schenn,VAN,D,1,0,0,0,0,0,16:48,12:34,0:00,4:14,0,0,0,0,0,0,0,0,0,0,0,0,0,0,0,0,0.00%,0,0,0,0,0.00%,3,0
T.J. Oshie,WSH,F,1,0,0,0,0,0,16:29,13:09,3:20,0:00,0,0,0,0,0,0,0,0,0,0,0,0,0,0,0,0,0.00%,0,0,0,2,0.00%,3,0
Zach Bogosian,TBL,D,1,0,0,0,0,0,14:15,13:34,0:00,0:41,0,0,0,0,0,0,0,0,0,0,0,0,0,0,0,0,0.00%,0,0,0,0,0.00%,1,0
Joshua Bailey,NYI,F,1,0,0,0,0,-2,17:01,16:07,0:00,0:54,0,0,0,0,0,0,0,0,0,0,0,0,0,0,0,0,0.00%,0,0,0,2,0.00%,0,1
Semyon Varlamov,NYI,G,1,0,0,0,0,,,,,,0,0,0,0,0,0,0,,,,,,,,0,0,0.00%,0,0,0,,,,
Trevor Lewis,CGY,F,1,0,0,0,0,0,11:56,9:40,0:09,2:07,0,0,0,0,0,0,0,0,0,0,0,0,0,0,0,0,0.00%,0,0,0,1,0.00%,2,0
James van Riemsdyk,PHI,F,1,0,0,0,0,0,18:00,18:00,0:00,0:00,0,0,0,0,0,0,0,0,0,0,0,0,0,0,0,0,0.00%,0,0,0,3,0.00%,1,0
John Tavares,TOR,C,1,0,0,0,2,-2,22:14,20:40,1:34,0:00,0,0,0,0,0,0,0,0,0,0,0,0,0,0,0,0,0.00%,0,0,0,0,0.00%,3,0
Tyler Myers,VAN,D,1,0,0,0,0,-1,24:31:00,19:12,0:00,5:19,0,0,0,0,0,0,0,0,0,0,0,0,0,0,0,0,0.00%,0,0,0,0,0.00%,3,2
Brad Marchand,BOS,F,1,0,0,0,4,0,20:04,15:47,3:23,0:54,0,0,0,0,0,0,0,0,0,0,0,0,0,0,0,0,0.00%,0,0,0,5,0.00%,2,0
Lars Eller,WSH,F,1,0,0,0,0,1,15:11,13:34,0:17,1:20,0,0,0,0,0,0,0,0,0,0,0,0,0,0,0,0,0.00%,0,0,0,2,0.00%,3,0
Dustin Tokarski,PIT,G,1,0,0,0,0,,,,,,0,0,0,0,0,0,0,,,,,,,,0,0,0.00%,0,0,0,,,,
Sergei Bobrovsky,FLA,G,1,0,0,0,0,,,,,,0,0,0,0,0,0,0,,,,,,,,0,0,0.00%,0,0,0,,,,
Evgeny Kuznetsov,WSH,F,1,0,0,0,2,0,15:39,14:00,0:16,1:23,0,0,0,0,0,0,0,0,0,0,0,0,0,0,0,0,0.00%,0,0,0,0,0.00%,2,0
Vladimir Tarasenko,NYR,F,1,0,0,0,0,0,13:25,13:25,0:00,0:00,0,0,0,0,0,0,0,0,0,0,0,0,0,0,0,0,0.00%,0,0,0,0,0.00%,2,0
Jeff Skinner,BUF,F,1,0,0,0,0,-2,16:42,13:21,3:21,0:00,0,0,0,0,0,0,0,0,0,0,0,0,0,0,0,0,0.00%,0,0,0,5,0.00%,0,0
T.J. Brodie,TOR,D,1,0,0,0,0,-2,23:08,18:20,0:00,4:48,0,0,0,0,0,0,0,0,0,0,0,0,0,0,0,0,0.00%,0,0,0,0,0.00%,2,2
Derek Stepan,CAR,F,1,0,0,0,0,0,10:47,10:47,0:00,0:00,0,0,0,0,0,0,0,0,0,0,0,0,0,0,0,0,0.00%,0,0,0,1,0.00%,1,1
Oliver Ekman-Larsson,VAN,D,1,0,0,0,2,-1,18:19,13:27,0:21,4:31,0,0,0,0,0,0,0,0,0,0,0,0,0,0,0,0,0.00%,0,0,0,1,0.00%,1,2
Tyler Seguin,DAL,F,1,0,0,0,0,-1,18:45,16:20,2:25,0:00,0,0,0,0,0,0,0,0,0,0,0,0,0,0,0,0,0.00%,0,0,0,2,0.00%,2,0
Kyle Palmieri,NYI,F,1,0,0,0,0,0,17:17,17:17,0:00,0:00,0,0,0,0,0,0,0,0,0,0,0,0,0,0,0,0,0.00%,0,0,0,0,0.00%,1,1
Ian Cole,TBL,D,1,0,0,0,0,1,19:19,15:08,0:00,4:11,0,0,0,0,0,0,0,0,0,0,0,0,0,0,0,0,0.00%,0,0,0,2,0.00%,0,0
Travis Hamonic,OTT,D,1,0,0,0,0,1,22:19,17:19,0:00,5:00,0,0,0,0,0,0,0,0,0,0,0,0,0,0,0,0,0.00%,0,0,0,4,0.00%,1,1
Justin Braun,PHI,D,1,0,0,0,0,0,9:56,9:56,0:00,0:00,0,0,0,0,0,0,0,0,0,0,0,0,0,0,0,0,0.00%,0,0,0,1,0.00%,2,1
Jared Spurgeon,MIN,D,1,0,0,0,0,0,23:23,21:20,0:23,1:40,0,0,0,0,0,0,0,0,0,0,0,0,0,0,0,0,0.00%,0,0,0,2,0.00%,2,0
Jeff Petry,PIT,D,1,0,0,0,0,-1,21:49,13:50,4:05,3:54,0,0,0,0,0,0,0,0,0,0,0,0,0,0,0,0,0.00%,0,0,0,0,0.00%,0,3
Ryan McDonagh,NSH,D,1,0,0,0,0,0,20:49,20:49,0:00,0:00,0,0,0,0,0,0,0,0,0,0,0,0,0,0,0,0,0.00%,0,0,0,0,0.00%,5,4
David Savard,MTL,D,1,0,0,0,0,-1,24:57:00,22:11,0:04,2:42,0,0,0,0,0,0,0,0,0,0,0,0,0,0,0,0,0.00%,0,0,0,0,0.00%,1,4
Erik Gudbranson,CBJ,D,1,0,0,0,0,2,21:49,21:39,0:10,0:00,0,0,0,0,0,0,0,0,0,0,0,0,0,0,0,0,0.00%,0,0,0,0,0.00%,1,2
Justin Faulk,STL,D,1,0,0,0,0,1,23:25,16:28,3:38,3:19,0,0,0,0,0,0,0,0,0,0,0,0,0,0,0,0,0.00%,0,0,0,5,0.00%,1,1
Mattias Ekholm,NSH,D,1,0,0,0,0,0,24:15:00,23:29,0:46,0:00,0,0,0,0,0,0,0,0,0,0,0,0,0,0,0,0,0.00%,0,0,0,3,0.00%,0,3
Craig Smith,BOS,F,1,0,0,0,0,0,9:15,9:15,0:00,0:00,0,0,0,0,0,0,0,0,0,0,0,0,0,0,0,0,0.00%,0,0,0,1,0.00%,0,0
Mikael Granlund,NSH,F,1,0,0,0,0,0,20:38,19:21,1:17,0:00,0,0,0,0,0,0,0,0,0,0,0,0,0,0,0,0,0.00%,0,0,0,0,0.00%,1,0
Patrick Maroon,TBL,F,1,0,0,0,0,-1,8:43,8:43,0:00,0:00,0,0,0,0,0,0,0,0,0,0,0,0,0,0,0,0,0.00%,0,0,0,0,0.00%,1,0
Zack Kassian,ARI,F,1,0,0,0,2,0,9:09,9:09,0:00,0:00,0,0,0,0,0,0,0,0,0,0,0,0,0,0,0,0,0.00%,0,0,0,0,0.00%,1,0
Marcus Foligno,MIN,F,1,0,0,0,0,0,13:51,13:28,0:23,0:00,0,0,0,0,0,0,0,0,0,0,0,0,0,0,0,0,0.00%,0,0,0,1,0.00%,5,2
Tyson Barrie,EDM,D,1,0,0,0,2,-1,15:57,12:19,3:38,0:00,0,0,0,0,0,0,0,0,0,0,0,0,0,0,0,0,0.00%,0,0,0,0,0.00%,1,1
Michael Stone,CGY,D,1,0,0,0,2,1,13:59,12:14,0:00,1:45,0,0,0,0,0,0,0,0,0,0,0,0,0,0,0,0,0.00%,0,0,0,2,0.00%,3,4
Casey Cizikas,NYI,F,1,0,0,0,0,1,15:35,12:46,0:00,2:49,0,0,0,0,0,0,0,0,0,0,0,0,0,0,0,0,0.00%,0,0,0,0,0.00%,2,0
Jason Zucker,PIT,F,1,0,0,0,0,-1,18:14,13:49,4:25,0:00,0,0,0,0,0,0,0,0,0,0,0,0,0,0,0,0,0.00%,0,0,0,2,0.00%,4,0
Torey Krug,STL,D,1,0,0,0,0,0,19:02,12:45,6:17,0:00,0,0,0,0,0,0,0,0,0,0,0,0,0,0,0,0,0.00%,0,0,0,2,0.00%,1,2
Brenden Dillon,WPG,D,1,0,0,0,0,1,22:53,18:09,0:00,4:44,0,0,0,0,0,0,0,0,0,0,0,0,0,0,0,0,0.00%,0,0,0,2,0.00%,2,1
Jesper Fast,CAR,F,1,0,0,0,0,0,13:18,13:18,0:00,0:00,0,0,0,0,0,0,0,0,0,0,0,0,0,0,0,0,0.00%,0,0,0,0,0.00%,1,0
Patrik Nemeth,ARI,D,1,0,0,0,0,0,20:58,14:00,0:00,6:58,0,0,0,0,0,0,0,0,0,0,0,0,0,0,0,0,0.00%,0,0,0,1,0.00%,0,3
Viktor Arvidsson,LAK,F,1,0,0,0,0,0,13:46,11:18,2:20,0:08,0,0,0,0,0,0,0,0,0,0,0,0,0,0,0,0,0.00%,0,0,0,1,0.00%,1,1
Pierre-Edouard Bellemare,TBL,F,1,0,0,0,2,-1,9:14,7:45,0:00,1:29,0,0,0,0,0,0,0,0,0,0,0,0,0,0,0,0,0.00%,0,0,0,0,0.00%,0,1
Anton Forsberg,OTT,G,1,0,0,0,0,,,,,,0,0,0,0,0,0,0,,,,,,,,0,0,0.00%,0,0,0,,,,
Frederik Andersen,CAR,G,1,0,0,0,0,,,,,,0,0,0,0,0,0,0,,,,,,,,0,0,0.00%,0,0,0,,,,
Erik Gustafsson,WSH,D,1,0,0,0,2,0,17:50,15:06,2:35,0:09,0,0,0,0,0,0,0,0,0,0,0,0,0,0,0,0,0.00%,0,0,0,1,0.00%,1,2
Mattias Janmark-Nylén,EDM,F,1,0,0,0,0,0,15:08,13:05,0:04,1:59,0,0,0,0,0,0,0,0,0,0,0,0,0,0,0,0,0.00%,0,0,0,2,0.00%,0,1
Jani Hakanpää,DAL,D,1,0,0,0,0,-1,20:27,19:35,0:07,0:45,0,0,0,0,0,0,0,0,0,0,0,0,0,0,0,0,0.00%,0,0,0,3,0.00%,2,3
Rasmus Ristolainen,PHI,D,1,0,0,0,0,0,17:24,15:54,0:00,1:30,0,0,0,0,0,0,0,0,0,0,0,0,0,0,0,0,0.00%,0,0,0,1,0.00%,4,4
Artturi Lehkonen,COL,F,1,0,0,0,0,0,20:24,14:03,4:46,1:35,0,0,0,0,0,0,0,0,0,0,0,0,0,0,0,0,0.00%,0,0,0,3,0.00%,1,0
Esa Lindell,DAL,D,1,0,0,0,0,-1,19:09,18:24,0:00,0:45,0,0,0,0,0,0,0,0,0,0,0,0,0,0,0,0,0.00%,0,0,0,0,0.00%,1,0
Darcy Kuemper,WSH,G,1,0,0,0,0,,,,,,0,0,0,0,0,0,0,,,,,,,,0,0,0.00%,0,0,0,,,,
Jordan Binnington,STL,G,1,0,0,0,0,,,,,,0,0,0,0,0,0,0,,,,,,,,0,0,0.00%,0,0,0,,,,
Jack Campbell,EDM,G,1,0,0,0,0,,,,,,0,0,0,0,0,0,0,,,,,,,,0,0,0.00%,0,0,0,,,,
Nick Cousins,FLA,F,1,0,0,0,0,-1,9:41,9:26,0:15,0:00,0,0,0,0,0,0,0,0,0,0,0,0,0,0,0,0,0.00%,0,0,0,1,0.00%,0,0
Brad Hunt,COL,D,1,0,0,0,0,-1,11:19,11:19,0:00,0:00,0,0,0,0,0,0,0,0,0,0,0,0,0,0,0,0,0.00%,0,0,0,2,0.00%,0,0
Nick Deslauriers,PHI,F,1,0,0,0,5,0,9:44,9:44,0:00,0:00,0,0,0,0,0,0,0,0,0,0,0,0,0,0,0,0,0.00%,0,0,0,1,0.00%,9,0
Radko Gudas,FLA,D,1,0,0,0,0,0,14:22,11:36,0:09,2:37,0,0,0,0,0,0,0,0,0,0,0,0,0,0,0,0,0.00%,0,0,0,1,0.00%,5,0
Luke Glendening,DAL,F,1,0,0,0,0,0,10:28,10:08,0:06,0:14,0,0,0,0,0,0,0,0,0,0,0,0,0,0,0,0,0.00%,0,0,0,1,0.00%,1,1
Phillip Danault,LAK,C,1,0,0,0,0,0,17:38,11:12,2:24,4:02,0,0,0,0,0,0,0,0,0,0,0,0,0,0,0,0,0.00%,0,0,0,1,0.00%,1,1
Matt Irwin,WSH,D,1,0,0,0,0,0,8:40,8:13,0:00,0:27,0,0,0,0,0,0,0,0,0,0,0,0,0,0,0,0,0.00%,0,0,0,0,0.00%,2,0
Oscar Sundqvist,DET,F,1,0,0,0,0,0,14:15,10:51,3:24,0:00,0,0,0,0,0,0,0,0,0,0,0,0,0,0,0,0,0.00%,0,0,0,1,0.00%,1,0
Robert Hägg,DET,D,1,0,0,0,0,0,14:50,14:37,0:00,0:13,0,0,0,0,0,0,0,0,0,0,0,0,0,0,0,0,0.00%,0,0,0,0,0.00%,3,2
Valeri Nichushkin,COL,F,1,0,0,0,0,0,21:42,14:09,5:05,2:28,0,0,0,0,0,0,0,0,0,0,0,0,0,0,0,0,0.00%,0,0,0,4,0.00%,0,1
Andrei Vasilevski,TBL,G,1,0,0,0,0,,,,,,0,0,0,0,0,0,0,,,,,,,,0,0,0.00%,0,0,0,,,,
Kasperi Kapanen,PIT,F,1,0,0,0,0,-1,13:38,10:04,3:34,0:00,0,0,0,0,0,0,0,0,0,0,0,0,0,0,0,0,0.00%,0,0,0,2,0.00%,1,1
Rickard Rakell,PIT,F,1,0,0,0,0,-1,17:26,11:36,5:50,0:00,0,0,0,0,0,0,0,0,0,0,0,0,0,0,0,0,0.00%,0,0,0,2,0.00%,2,0
Scott Laughton,PHI,F,1,0,0,0,0,-2,21:24,20:08,0:00,1:16,0,0,0,0,0,0,0,0,0,0,0,0,0,0,0,0,0.00%,0,0,0,1,0.00%,3,1
Charlie Coyle,BOS,F,1,0,0,0,2,1,16:40,14:45,0:04,1:51,0,0,0,0,0,0,0,0,0,0,0,0,0,0,0,0,0.00%,0,0,0,0,0.00%,1,0
Petr Mrazek,CHI,G,1,0,0,0,0,,,,,,0,0,0,0,0,0,0,,,,,,,,0,0,0.00%,0,0,0,,,,
Jarred Tinordi,CHI,F,1,0,0,0,5,-2,11:53,11:53,0:00,0:00,0,0,0,0,0,0,0,0,0,0,0,0,0,0,0,0,0.00%,0,0,0,0,0.00%,4,2
Anders Lee,NYI,F,1,0,0,0,0,1,16:32,15:50,0:42,0:00,0,0,0,0,0,0,0,0,0,0,0,0,0,0,0,0,0.00%,0,0,0,1,0.00%,1,0
Jean-Gabriel Pageau,NYI,F,1,0,0,0,2,-2,12:56,12:07,0:21,0:28,0,0,0,0,0,0,0,0,0,0,0,0,0,0,0,0,0.00%,0,0,0,1,0.00%,1,0
Filip Forsberg,NSH,F,1,0,0,0,0,0,5:25,5:25,0:00,0:00,0,0,0,0,0,0,0,0,0,0,0,0,0,0,0,0,0.00%,0,0,0,0,0.00%,2,1
Zemgus Girgensons,BUF,F,1,0,0,0,0,-1,13:07,10:39,0:22,2:06,0,0,0,0,0,0,0,0,0,0,0,0,0,0,0,0,0.00%,0,0,0,1,0.00%,2,0
Jonathan Drouin,MTL,F,1,0,0,0,0,0,16:13,15:09,1:04,0:00,0,0,0,0,0,0,0,0,0,0,0,0,0,0,0,0,0.00%,0,0,0,1,0.00%,0,0
Brett Ritchie,CGY,F,1,0,0,0,2,0,10:01,10:01,0:00,0:00,0,0,0,0,0,0,0,0,0,0,0,0,0,0,0,0,0.00%,0,0,0,2,0.00%,1,0
Elvis Merzlikins,CBJ,G,1,0,0,0,0,,,,,,0,0,0,0,0,0,0,,,,,,,,0,0,0.00%,0,0,0,,,,
Radek Faksa,DAL,F,1,0,0,0,2,0,15:11,14:14,0:26,0:31,0,0,0,0,0,0,0,0,0,0,0,0,0,0,0,0,0.00%,0,0,0,0,0.00%,0,0
Seth Jones,CHI,D,1,0,0,0,0,0,26:48:00,21:39,4:11,0:58,0,0,0,0,0,0,0,0,0,0,0,0,0,0,0,0,0.00%,0,0,0,0,0.00%,1,1
Connor Murphy,CHI,D,1,0,0,0,0,0,19:47,18:07,0:07,1:33,0,0,0,0,0,0,0,0,0,0,0,0,0,0,0,0,0.00%,0,0,0,0,0.00%,2,4
Scott Wedgewood,DAL,G,1,0,0,0,0,,,,,,0,0,0,0,0,0,0,,,,,,,,0,0,0.00%,0,0,0,,,,
Derek Forbort,BOS,D,1,0,0,0,0,-1,16:48,13:21,0:12,3:15,0,0,0,0,0,0,0,0,0,0,0,0,0,0,0,0,0.00%,0,0,0,0,0.00%,1,5
Kevin Gravel,NSH,D,1,0,0,0,0,1,14:16,14:16,0:00,0:00,0,0,0,0,0,0,0,0,0,0,0,0,0,0,0,0,0.00%,0,0,0,1,0.00%,2,1
Jon Merrill,MIN,D,1,0,0,0,0,0,12:31,12:31,0:00,0:00,0,0,0,0,0,0,0,0,0,0,0,0,0,0,0,0,0.00%,0,0,0,0,0.00%,1,1
Josh Archibald,PIT,F,1,0,0,0,0,-1,11:40,9:32,0:00,2:08,0,0,0,0,0,0,0,0,0,0,0,0,0,0,0,0,0.00%,0,0,0,1,0.00%,2,0
Erik Haula,NJD,C,1,0,0,0,0,-1,18:34,15:48,0:49,1:57,0,0,0,0,0,0,0,0,0,0,0,0,0,0,0,0,0.00%,0,0,0,2,0.00%,2,3
Brian Dumoulin,PIT,D,1,0,0,0,0,-1,20:47,16:48,0:00,3:59,0,0,0,0,0,0,0,0,0,0,0,0,0,0,0,0,0.00%,0,0,0,3,0.00%,0,1
Ville Husso,DET,G,1,0,0,0,0,,,,,,0,0,0,0,0,0,0,,,,,,,,0,0,0.00%,0,0,0,,,,
Juuse Saros,NSH,G,1,0,0,0,0,,,,,,0,0,0,0,0,0,0,,,,,,,,0,0,0.00%,0,0,0,,,,
Saku Mäenalanen,WPG,F,1,0,0,0,0,0,11:50,9:36,0:00,2:14,0,0,0,0,0,0,0,0,0,0,0,0,0,0,0,0,0.00%,0,0,0,1,0.00%,1,2
Ilya Lyubushkin,BUF,D,1,0,0,0,2,-2,16:22,13:20,0:10,2:52,0,0,0,0,0,0,0,0,0,0,0,0,0,0,0,0,0.00%,0,0,0,0,0.00%,1,1
Hampus Lindholm,BOS,D,1,0,0,0,4,0,20:56,20:03,0:40,0:13,0,0,0,0,0,0,0,0,0,0,0,0,0,0,0,0,0.00%,0,0,0,1,0.00%,1,0
Cody Ceci,EDM,D,1,0,0,0,0,0,18:22,14:27,0:00,3:55,0,0,0,0,0,0,0,0,0,0,0,0,0,0,0,0,0.00%,0,0,0,0,0.00%,0,0
Nathan Walker,STL,F,1,0,0,0,0,1,7:15,7:15,0:00,0:00,0,0,0,0,0,0,0,0,0,0,0,0,0,0,0,0,0.00%,0,0,0,0,0.00%,2,0
Nate Schmidt,WPG,D,1,0,0,0,0,0,20:37,19:46,0:00,0:51,0,0,0,0,0,0,0,0,0,0,0,0,0,0,0,0,0.00%,0,0,0,2,0.00%,0,1
Colin Miller,DAL,D,1,0,0,0,0,0,18:57,18:18,0:39,0:00,0,0,0,0,0,0,0,0,0,0,0,0,0,0,0,0,0.00%,0,0,0,0,0.00%,1,1
Colton Sissons,NSH,F,1,0,0,0,0,-1,17:02,16:21,0:41,0:00,0,0,0,0,0,0,0,0,0,0,0,0,0,0,0,0,0.00%,0,0,0,0,0.00%,0,0
Stefan Noesen,CAR,F,1,0,0,0,0,-1,14:40,11:18,3:22,0:00,0,0,0,0,0,0,0,0,0,0,0,0,0,0,0,0,0.00%,0,0,0,2,0.00%,5,1
Jordan Martinook,CAR,F,1,0,0,0,0,0,14:07,13:19,0:00,0:48,0,0,0,0,0,0,0,0,0,0,0,0,0,0,0,0,0.00%,0,0,0,0,0.00%,1,0
Vladislav Namestnikov,TBL,F,1,0,0,0,0,0,10:53,10:19,0:00,0:34,0,0,0,0,0,0,0,0,0,0,0,0,0,0,0,0,0.00%,0,0,0,0,0.00%,2,2
Brock McGinn,PIT,F,1,0,0,0,0,0,12:09,8:19,0:00,3:50,0,0,0,0,0,0,0,0,0,0,0,0,0,0,0,0,0.00%,0,0,0,1,0.00%,1,0
Alex Belzile,MTL,F,1,0,0,0,0,0,9:34,9:34,0:00,0:00,0,0,0,0,0,0,0,0,0,0,0,0,0,0,0,0,0.00%,0,0,0,1,0.00%,0,0
Nikita Zadorov,CGY,D,1,0,0,0,0,2,20:49,17:53,0:11,2:45,0,0,0,0,0,0,0,0,0,0,0,0,0,0,0,0,0.00%,0,0,0,3,0.00%,2,2
Roope Hintz,DAL,F,1,0,0,0,0,-3,18:30,13:18,4:27,0:45,0,0,0,0,0,0,0,0,0,0,0,0,0,0,0,0,0.00%,0,0,0,1,0.00%,0,1
Nick Jensen,WSH,D,1,0,0,0,0,0,23:41,21:10,0:15,2:16,0,0,0,0,0,0,0,0,0,0,0,0,0,0,0,0,0.00%,0,0,0,1,0.00%,2,4
Marcus Pettersson,PIT,D,1,0,0,0,2,-1,16:29,14:05,0:24,2:00,0,0,0,0,0,0,0,0,0,0,0,0,0,0,0,0,0.00%,0,0,0,0,0.00%,0,1
Adam Pelech,NYI,D,1,0,0,0,0,-2,24:17:00,21:46,0:05,2:26,0,0,0,0,0,0,0,0,0,0,0,0,0,0,0,0,0.00%,0,0,0,0,0.00%,0,1
Curtis Lazar,VAN,F,1,0,0,0,0,0,14:09,9:51,0:00,4:18,0,0,0,0,0,0,0,0,0,0,0,0,0,0,0,0,0.00%,0,0,0,0,0.00%,2,2
Anthony Mantha,WSH,F,1,0,0,0,0,1,14:26,14:26,0:00,0:00,0,0,0,0,0,0,0,0,0,0,0,0,0,0,0,0,0.00%,0,0,0,1,0.00%,2,0
David Kämpf,TOR,C,1,0,0,0,0,-2,13:43,8:23,0:00,5:20,0,0,0,0,0,0,0,0,0,0,0,0,0,0,0,0,0.00%,0,0,0,1,0.00%,1,0
David Pastrnak,BOS,F,1,0,0,0,0,0,22:29,18:51,3:38,0:00,0,0,0,0,0,0,0,0,0,0,0,0,0,0,0,0,0.00%,0,0,0,3,0.00%,0,0
Pavel Zacha,BOS,F,1,0,0,0,0,0,17:13,14:32,0:35,2:06,0,0,0,0,0,0,0,0,0,0,0,0,0,0,0,0,0.00%,0,0,0,2,0.00%,3,0
Vladislav Gavrikov,CBJ,D,1,0,0,0,0,0,21:54,20:20,0:00,1:34,0,0,0,0,0,0,0,0,0,0,0,0,0,0,0,0,0.00%,0,0,0,0,0.00%,2,1
Ivan Barbashev,STL,F,1,0,0,0,2,-1,15:38,10:56,3:27,1:15,0,0,0,0,0,0,0,0,0,0,0,0,0,0,0,0,0.00%,0,0,0,3,0.00%,4,0
Erik Cernak,TBL,D,1,0,0,0,0,1,17:36,13:28,0:00,4:08,0,0,0,0,0,0,0,0,0,0,0,0,0,0,0,0,0.00%,0,0,0,1,0.00%,2,0
Matt Grzelcyk,BOS,D,1,0,0,0,0,1,18:52,18:37,0:15,0:00,0,0,0,0,0,0,0,0,0,0,0,0,0,0,0,0,0.00%,0,0,0,1,0.00%,1,1
Brett Pesce,CAR,D,1,0,0,0,0,-4,20:24,19:36,0:00,0:48,0,0,0,0,0,0,0,0,0,0,0,0,0,0,0,0,0.00%,0,0,0,1,0.00%,0,0
Brady Skjei,CAR,D,1,0,0,0,0,-4,23:11,19:50,2:33,0:48,0,0,0,0,0,0,0,0,0,0,0,0,0,0,0,0,0.00%,0,0,0,4,0.00%,5,0
Andrew Copp,DET,F,1,0,0,0,0,1,16:48,12:34,2:49,1:25,0,0,0,0,0,0,0,0,0,0,0,0,0,0,0,0,0.00%,0,0,0,1,0.00%,0,1
Hudson Fasching,NYI,F,1,0,0,0,0,1,9:03,9:03,0:00,0:00,0,0,0,0,0,0,0,0,0,0,0,0,0,0,0,0,0.00%,0,0,0,0,0.00%,1,1
Tyler Motte,OTT,F,1,0,0,0,0,-1,10:45,8:24,0:00,2:21,0,0,0,0,0,0,0,0,0,0,0,0,0,0,0,0,0.00%,0,0,0,0,0.00%,4,0
Jaccob Slavin,CAR,D,1,0,0,0,0,-1,21:00,21:00,0:00,0:00,0,0,0,0,0,0,0,0,0,0,0,0,0,0,0,0,0.00%,0,0,0,3,0.00%,0,1
Sebastian AhoCAR,CAR,C,1,0,0,0,0,-2,18:55,15:32,3:23,0:00,0,0,0,0,0,0,0,0,0,0,0,0,0,0,0,0,0.00%,0,0,0,2,0.00%,3,0
Jordan Oesterle,DET,D,1,0,0,0,2,0,14:50,14:50,0:00,0:00,0,0,0,0,0,0,0,0,0,0,0,0,0,0,0,0,0.00%,0,0,0,0,0.00%,1,4
Conor Sheary,WSH,F,1,0,0,0,0,0,15:04,12:16,0:53,1:55,0,0,0,0,0,0,0,0,0,0,0,0,0,0,0,0,0.00%,0,0,0,3,0.00%,1,0
Phil Di Giuseppe,VAN,F,1,0,0,0,0,0,13:00,8:51,0:00,4:09,0,0,0,0,0,0,0,0,0,0,0,0,0,0,0,0,0.00%,0,0,0,5,0.00%,0,0
Bryan Rust,PIT,F,1,0,0,0,0,-1,17:21,11:55,5:00,0:26,0,0,0,0,0,0,0,0,0,0,0,0,0,0,0,0,0.00%,0,0,0,1,0.00%,1,0
Carter Verhaeghe,FLA,F,1,0,0,0,0,-2,17:00,14:32,2:28,0:00,0,0,0,0,0,0,0,0,0,0,0,0,0,0,0,0,0.00%,0,0,0,5,0.00%,0,2
Ryan Pulock,NYI,D,1,0,0,0,0,-2,24:27:00,22:53,0:00,1:34,0,0,0,0,0,0,0,0,0,0,0,0,0,0,0,0,0.00%,0,0,0,3,0.00%,2,1
Andreas Athanasiou,CHI,F,1,0,0,0,0,-1,15:06,13:47,1:19,0:00,0,0,0,0,0,0,0,0,0,0,0,0,0,0,0,0,0.00%,0,0,0,4,0.00%,0,1
Denis Guryanov,DAL,F,1,0,0,0,0,0,9:18,9:18,0:00,0:00,0,0,0,0,0,0,0,0,0,0,0,0,0,0,0,0,0.00%,0,0,0,2,0.00%,0,0
Kirill Kaprizov,MIN,F,1,0,0,0,2,1,24:05:00,21:00,3:05,0:00,0,0,0,0,0,0,0,0,0,0,0,0,0,0,0,0,0.00%,0,0,0,2,0.00%,0,0
Patrik Laine,CBJ,F,1,0,0,0,0,-1,17:00,10:45,6:15,0:00,0,0,0,0,0,0,0,0,0,0,0,0,0,0,0,0,0.00%,0,0,0,1,0.00%,3,0
Niko Mikkola,NYR,D,1,0,0,0,0,2,17:48,17:48,0:00,0:00,0,0,0,0,0,0,0,0,0,0,0,0,0,0,0,0,0.00%,0,0,0,0,0.00%,0,1
Gustav Forsling,FLA,D,1,0,0,0,0,0,22:44,18:40,1:27,2:37,0,0,0,0,0,0,0,0,0,0,0,0,0,0,0,0,0.00%,0,0,0,1,0.00%,2,4
Andreas Englund,COL,D,1,0,0,0,7,1,13:51,11:59,0:00,1:52,0,0,0,0,0,0,0,0,0,0,0,0,0,0,0,0,0.00%,0,0,0,1,0.00%,2,1
Andrei Kuzmenko,VAN,F,1,0,0,0,0,0,10:35,10:17,0:18,0:00,0,0,0,0,0,0,0,0,0,0,0,0,0,0,0,0,0.00%,0,0,0,1,0.00%,0,1
Chris Tierney,FLA,F,1,0,0,0,0,0,6:04,6:04,0:00,0:00,0,0,0,0,0,0,0,0,0,0,0,0,0,0,0,0,0.00%,0,0,0,1,0.00%,0,0
Trevor Van Riemsdyk,WSH,D,1,0,0,0,0,0,21:14,19:14,0:00,2:00,0,0,0,0,0,0,0,0,0,0,0,0,0,0,0,0,0.00%,0,0,0,0,0.00%,0,2
Frederick Gaudreau,MIN,F,1,0,0,0,0,0,17:19,16:22,0:23,0:34,0,0,0,0,0,1,0,0,0,0,0,0,0,0,0,0,0.00%,0,0,0,1,0.00%,1,2
Pheonix Copley,LAK,G,1,0,0,0,0,,,,,,0,0,0,0,0,0,0,,,,,,,,0,0,0.00%,0,0,0,,,,
Mackenzie Weegar,CGY,D,1,0,0,0,2,3,20:20,16:05,3:18,0:57,0,0,0,0,0,0,0,0,0,0,0,0,0,0,0,0,0.00%,0,0,0,1,0.00%,5,2
Connor Hellebuyck,WPG,G,1,0,0,0,0,,,,,,0,0,0,0,0,0,0,,,,,,,,0,0,0.00%,0,0,0,,,,
Pierre Engvall,TOR,F,1,0,0,0,0,-1,10:02,10:02,0:00,0:00,0,0,0,0,0,0,0,0,0,0,0,0,0,0,0,0,0.00%,0,0,0,0,0.00%,0,0
Barclay Goodrow,NYR,F,1,0,0,0,0,-1,13:24,11:25,0:00,1:59,0,0,0,0,0,0,0,0,0,0,0,0,0,0,0,0,0.00%,0,0,0,1,0.00%,2,2
Kevin Stenlund,WPG,C,1,0,0,0,2,0,10:07,8:30,0:03,1:34,0,0,0,0,0,0,0,0,0,0,0,0,0,0,0,0,0.00%,0,0,0,1,0.00%,0,2
Vitek Vanecek,NJD,G,1,0,0,0,0,,,,,,0,0,0,0,0,0,0,,,,,,,,0,0,0.00%,0,0,0,,,,
Travis Sanheim,PHI,D,1,0,0,0,0,0,17:34,16:22,0:00,1:12,0,0,0,0,0,0,0,0,0,0,0,0,0,0,0,0,0.00%,0,0,0,0,0.00%,0,0
Travis Konecny,PHI,F,1,0,0,0,0,0,21:54,21:09,0:00,0:45,0,0,0,0,0,0,0,0,0,0,0,0,0,0,0,0,0.00%,0,0,0,2,0.00%,0,1
Mathew Barzal,NYI,F,1,0,0,0,0,-2,22:01,19:19,2:42,0:00,0,0,0,0,0,0,0,0,0,0,0,0,0,0,0,0,0.00%,0,0,0,3,0.00%,1,0
Brayden Point,TBL,F,1,0,0,0,0,0,20:13,20:06,0:00,0:07,0,0,0,0,0,0,0,0,0,0,0,0,0,0,0,0,0.00%,0,0,0,2,0.00%,0,1
Ivan Provorov,PHI,D,1,0,0,0,0,-1,23:27,22:39,0:00,0:48,0,0,0,0,0,0,0,0,0,0,0,0,0,0,0,0,0.00%,0,0,0,1,0.00%,2,2
Sonny Milano,WSH,F,1,0,0,0,0,-1,10:18,10:18,0:00,0:00,0,0,0,0,0,0,0,0,0,0,0,0,0,0,0,0,0.00%,0,0,0,0,0.00%,0,1
Noah Hanifin,CGY,D,1,0,0,0,0,1,24:59:00,19:51,2:34,2:34,0,0,0,0,0,0,0,0,0,0,0,0,0,0,0,0,0.00%,0,0,0,5,0.00%,0,2
Alex Tuch,BUF,F,1,0,0,0,0,-1,18:51,13:22,3:06,2:23,0,0,0,0,0,0,0,0,0,0,0,0,0,0,0,0,0.00%,0,0,0,0,0.00%,1,0
Denis Malgin,COL,F,1,0,0,0,0,0,6:07,6:07,0:00,0:00,0,0,0,0,0,0,0,0,0,0,0,0,0,0,0,0,0.00%,0,0,0,0,0.00%,0,0
Jonas Siegenthaler,NJD,D,1,0,0,0,4,0,15:59,15:55,0:04,0:00,0,0,0,0,0,0,0,0,0,0,0,0,0,0,0,0,0.00%,0,0,0,0,0.00%,0,4
Spencer Martin,VAN,G,1,0,0,0,0,,,,,,0,0,0,0,0,0,0,,,,,,,,0,0,0.00%,0,0,0,,,,
Nick Ritchie,ARI,F,1,0,0,0,0,-2,13:52,10:36,3:16,0:00,0,0,0,0,0,0,0,0,0,0,0,0,0,0,0,0,0.00%,0,0,0,1,0.00%,1,0
Artyom Zub,OTT,D,1,0,0,0,2,-2,19:27,18:37,0:00,0:50,0,0,0,0,0,0,0,0,0,0,0,0,0,0,0,0,0.00%,0,0,0,0,0.00%,6,2
Dominik Kubalik,DET,F,1,0,0,0,0,1,15:06,11:13,3:53,0:00,0,0,0,0,0,0,0,0,0,0,0,0,0,0,0,0,0.00%,0,0,0,0,0.00%,2,1
Pius Suter,DET,F,1,0,0,0,0,0,10:44,9:19,0:03,1:22,0,0,0,0,0,0,0,0,0,0,0,0,0,0,0,0,0.00%,0,0,0,1,0.00%,0,1
Alexandar Georgiev,COL,G,1,0,0,0,0,,,,,,0,0,0,0,0,0,0,,,,,,,,0,0,0.00%,0,0,0,,,,
Travis Boyd,ARI,C,1,0,0,0,0,-3,14:09,9:25,2:23,2:21,0,0,0,0,0,0,0,0,0,0,0,0,0,0,0,0,0.00%,0,0,0,0,0.00%,0,0
Max Domi,CHI,C,1,0,0,0,0,0,19:21,15:06,4:15,0:00,0,0,0,0,0,0,0,0,0,0,0,0,0,0,0,0,0.00%,0,0,0,2,0.00%,0,1
Miles Wood,NJD,F,1,0,0,0,2,0,10:35,9:47,0:48,0:00,0,0,0,0,0,0,0,0,0,0,0,0,0,0,0,0,0.00%,0,0,0,2,0.00%,3,0
Anthony DeAngelo,PHI,D,1,0,0,0,0,0,18:49,18:49,0:00,0:00,0,0,0,0,0,0,0,0,0,0,0,0,0,0,0,0,0.00%,0,0,0,2,0.00%,2,3
Brandon Carlo,BOS,D,1,0,0,0,0,0,17:21,14:21,0:11,2:49,0,0,0,0,0,0,0,0,0,0,0,0,0,0,0,0,0.00%,0,0,0,1,0.00%,0,1
Justin Holl,TOR,D,1,0,0,0,2,-3,18:39,14:12,0:00,4:27,0,0,0,0,0,0,0,0,0,0,0,0,0,0,0,0,0.00%,0,0,0,1,0.00%,1,2
Karel Vejmelka,ARI,G,1,0,0,0,0,,,,,,0,0,0,0,0,0,0,,,,,,,,0,0,0.00%,0,0,0,,,,
Brandon Montour,FLA,D,1,0,0,0,0,0,25:08:00,18:44,6:24,0:00,0,0,0,0,0,0,0,0,0,0,0,0,0,0,0,0,0.00%,0,0,0,4,0.00%,0,0
Christian Dvorak,MTL,F,1,0,0,0,0,1,17:39,14:34,1:02,2:03,0,0,0,0,0,0,0,0,0,0,0,0,0,0,0,0,0.00%,0,0,0,1,0.00%,0,2
Yakov Trenin,NSH,F,1,0,0,0,0,0,15:30,15:30,0:00,0:00,0,0,0,0,0,0,0,0,0,0,0,0,0,0,0,0,0.00%,0,0,0,2,0.00%,4,0
Ethan Bear,VAN,D,1,0,0,0,2,-1,16:27,13:01,0:17,3:09,0,0,0,0,0,0,0,0,0,0,0,0,0,0,0,0,0.00%,0,0,0,2,0.00%,0,1
Thomas Chabot,OTT,D,1,0,0,0,2,-4,21:30,16:36,4:54,0:00,0,0,0,0,0,0,0,0,0,0,0,0,0,0,0,0,0.00%,0,0,0,1,0.00%,3,3
Pierre-Luc Dubois,WPG,C,1,0,0,0,0,0,18:55,16:17,2:31,0:07,0,0,0,0,0,0,0,0,0,0,0,0,0,0,0,0,0.00%,0,0,0,5,0.00%,0,1
Mikhail Sergachyov,TBL,D,1,0,0,0,2,1,22:09,20:15,0:00,1:54,0,0,0,0,0,0,0,0,0,0,0,0,0,0,0,0,0.00%,0,0,0,2,0.00%,0,4
Nico Hischier,NJD,C,1,0,0,0,0,1,20:09,16:46,1:52,1:31,0,0,0,0,0,0,0,0,0,0,0,0,0,0,0,0,0.00%,0,0,0,3,0.00%,0,1
Christian Fischer,ARI,F,1,0,0,0,0,-2,13:54,10:35,0:00,3:19,0,0,0,0,0,0,0,0,0,0,0,0,0,0,0,0,0.00%,0,0,0,3,0.00%,0,1
Jordan Greenway,MIN,F,1,0,0,0,0,-1,15:28,15:24,0:00,0:04,0,0,0,0,0,0,0,0,0,0,0,0,0,0,0,0,0.00%,0,0,0,1,0.00%,2,2
Caleb Jones,CHI,D,1,0,0,0,0,-2,18:28,17:00,1:28,0:00,0,0,0,0,0,0,0,0,0,0,0,0,0,0,0,0,0.00%,0,0,0,1,0.00%,4,2
Charlie McAvoy,BOS,D,1,0,0,0,0,0,25:56:00,21:18,3:15,1:23,0,0,0,0,0,0,0,0,0,0,0,0,0,0,0,0,0.00%,0,0,0,1,0.00%,1,5
Noel Acciari,STL,C,1,0,0,0,0,-2,13:55,11:38,0:05,2:12,0,0,0,0,0,0,0,0,0,0,0,0,0,0,0,0,0.00%,0,0,0,2,0.00%,4,0
Evan Rodrigues,COL,F,1,0,0,0,2,-1,18:26,18:07,0:10,0:09,0,0,0,0,0,0,0,0,0,0,0,0,0,0,0,0,0.00%,0,0,0,7,0.00%,0,0
Ryan Lomberg,FLA,F,1,0,0,0,5,0,10:52,10:37,0:15,0:00,0,0,0,0,0,0,0,0,0,0,0,0,0,0,0,0,0.00%,0,0,0,2,0.00%,2,0
Kurtis MacDermid,COL,D,1,0,0,0,0,-1,10:29,9:25,0:00,1:04,0,0,0,0,0,0,0,0,0,0,0,0,0,0,0,0,0.00%,0,0,0,2,0.00%,0,0
Ryan Graves,NJD,D,1,0,0,0,0,-1,25:19:00,21:51,0:00,3:28,0,0,0,0,0,0,0,0,0,0,0,0,0,0,0,0,0.00%,0,0,0,3,0.00%,2,4
Josh Brown,ARI,D,1,0,0,0,0,-3,12:58,10:03,0:00,2:55,0,0,0,0,0,0,0,0,0,0,0,0,0,0,0,0,0.00%,0,0,0,1,0.00%,2,1
Filip Gustavsson,MIN,G,1,0,0,0,0,,,,,,0,0,0,0,0,0,0,,,,,,,,0,0,0.00%,0,0,0,,,,
Timothy Liljegren,TOR,D,1,0,0,0,0,1,16:40,14:24,0:00,2:16,0,0,0,0,0,0,0,0,0,0,0,0,0,0,0,0,0.00%,0,0,0,1,0.00%,1,0
Casey DeSmith,PIT,G,1,0,0,0,0,,,,,,0,0,0,0,0,0,0,,,,,,,,0,0,0.00%,0,0,0,,,,
Samuel Montembeault,MTL,G,1,0,0,0,0,,,,,,0,0,0,0,0,0,0,,,,,,,,0,0,0.00%,0,0,0,,,,
Conor Garland,VAN,F,1,0,0,0,0,0,12:22,12:22,0:00,0:00,0,0,0,0,0,0,0,0,0,0,0,0,0,0,0,0,0.00%,0,0,0,2,0.00%,0,0
Jeremy Lauzon,NSH,D,1,0,0,0,0,-1,19:03,19:03,0:00,0:00,0,0,0,0,0,0,0,0,0,0,0,0,0,0,0,0,0.00%,0,0,0,1,0.00%,9,0
Nicolas Aube-Kubel,WSH,F,1,0,0,0,0,0,10:40,10:40,0:00,0:00,0,0,0,0,0,0,0,0,0,0,0,0,0,0,0,0,0.00%,0,0,0,1,0.00%,5,0
Julien Gauthier,NYR,F,1,0,0,0,0,-1,10:56,10:56,0:00,0:00,0,0,0,0,0,0,0,0,0,0,0,0,0,0,0,0,0.00%,0,0,0,2,0.00%,1,0
Yegor Sharangovich,NJD,F,1,0,0,0,0,-1,20:29,18:31,0:00,1:58,0,0,0,0,0,0,0,0,0,0,0,0,0,0,0,0,0.00%,0,0,0,5,0.00%,0,0
Dylan Strome,WSH,F,1,0,0,0,0,0,13:38,13:04,0:34,0:00,0,0,0,0,0,0,0,0,0,0,0,0,0,0,0,0,0.00%,0,0,0,1,0.00%,1,0
Brock Boeser,VAN,F,1,0,0,0,0,-2,15:50,13:24,2:26,0:00,0,0,0,0,0,0,0,0,0,0,0,0,0,0,0,0,0.00%,0,0,0,1,0.00%,2,0
Martin Fehervary,WSH,D,1,0,0,0,2,0,21:43,19:41,0:18,1:44,0,0,0,0,0,0,0,0,0,0,0,0,0,0,0,0,0.00%,0,0,0,1,0.00%,4,1
Fabian Zetterlund,NJD,F,1,0,0,0,0,1,12:32,12:32,0:00,0:00,0,0,0,0,0,0,0,0,0,0,0,0,0,0,0,0,0.00%,0,0,0,1,0.00%,2,0
Teodors Blueger,PIT,C,1,0,0,0,0,-2,14:25,10:01,0:04,4:20,0,0,0,0,0,0,0,0,0,0,0,0,0,0,0,0,0.00%,0,0,0,0,0.00%,1,0
Jake Guentzel,PIT,F,1,0,0,0,0,-2,19:27,13:17,6:10,0:00,0,0,0,0,0,0,0,0,0,0,0,0,0,0,0,0,0.00%,0,0,0,0,0.00%,1,0
Mark Jankowski,NSH,F,1,0,0,0,0,-1,13:01,12:23,0:38,0:00,0,0,0,0,0,0,0,0,0,0,0,0,0,0,0,0,0.00%,0,0,0,2,0.00%,2,0
Jacob Middleton,MIN,D,1,0,0,0,0,0,20:25,19:40,0:00,0:45,0,0,0,0,0,0,0,0,0,0,0,0,0,0,0,0,0.00%,0,0,0,0,0.00%,3,0
Dysin Mayo,ARI,D,1,0,0,0,2,0,9:09,8:04,0:05,1:00,0,0,0,0,0,0,0,0,0,0,0,0,0,0,0,0,0.00%,0,0,0,0,0.00%,1,1
Mason Marchment,DAL,F,1,0,0,0,0,0,14:48,13:00,1:48,0:00,0,0,0,0,0,0,0,0,0,0,0,0,0,0,0,0,0.00%,0,0,0,1,0.00%,1,0
Ukko-Pekka Luukkonen,BUF,G,1,0,0,0,0,,,,,,0,0,0,0,0,0,0,,,,,,,,0,0,0.00%,0,0,0,,,,
Joseph Woll,TOR,G,1,0,0,0,0,,,,,,0,0,0,0,0,0,0,,,,,,,,0,0,0.00%,0,0,0,,,,
Dante Fabbro,NSH,D,1,0,0,0,0,0,15:50,15:50,0:00,0:00,0,0,0,0,0,0,0,0,0,0,0,0,0,0,0,0,0.00%,0,0,0,1,0.00%,1,0
Boris Katchouk,CHI,F,1,0,0,0,0,0,8:27,8:27,0:00,0:00,0,0,0,0,0,0,0,0,0,0,0,0,0,0,0,0,0.00%,0,0,0,0,0.00%,1,0
Michael Mcleod,NJD,C,1,0,0,0,0,0,12:17,11:49,0:00,0:28,0,0,0,0,0,0,0,0,0,0,0,0,0,0,0,0,0.00%,0,0,0,0,0.00%,1,0
Mason Shaw,MIN,F,1,0,0,0,0,-1,11:39,11:03,0:00,0:36,0,0,0,0,0,0,0,0,0,0,0,0,0,0,0,0,0.00%,0,0,0,1,0.00%,1,0
Logan Stanley,WPG,D,1,0,0,0,0,0,15:27,14:36,0:00,0:51,0,0,0,0,0,0,0,0,0,0,0,0,0,0,0,0,0.00%,0,0,0,0,0.00%,0,2
Owen Tippett,PHI,F,1,0,0,0,0,-1,18:28,18:28,0:00,0:00,0,0,0,0,0,0,0,0,0,0,0,0,0,0,0,0,0.00%,0,0,0,2,0.00%,1,2
Filip Zadina,DET,F,1,0,0,0,0,-1,10:55,10:55,0:00,0:00,0,0,0,0,0,0,0,0,0,0,0,0,0,0,0,0,0.00%,0,0,0,0,0.00%,2,0
Miro Heiskanen,DAL,D,1,0,0,0,2,-1,24:22:00,19:38,4:44,0:00,0,0,0,0,0,0,0,0,0,0,0,0,0,0,0,0,0.00%,0,0,0,5,0.00%,0,2
Henri Jokiharju,BUF,D,1,0,0,0,0,-1,18:41,15:39,0:12,2:50,0,0,0,0,0,0,0,0,0,0,0,0,0,0,0,0,0.00%,0,0,0,1,0.00%,0,0
Klim Kostin,EDM,F,1,0,0,0,0,1,8:17,8:17,0:00,0:00,0,0,0,0,0,0,0,0,0,0,0,0,0,0,0,0,0.00%,0,0,0,0,0.00%,2,0
Philipp Kurashev,CHI,F,1,0,0,0,0,-1,18:35,17:15,1:20,0:00,0,0,0,0,0,0,0,0,0,0,0,0,0,0,0,0,0.00%,0,0,0,5,0.00%,0,1
Marian Studenic,DAL,F,1,0,0,0,0,0,8:17,8:17,0:00,0:00,0,0,0,0,0,0,0,0,0,0,0,0,0,0,0,0,0.00%,0,0,0,0,0.00%,1,0
Jesper Bratt,NJD,F,1,0,0,0,0,0,19:22,17:31,1:51,0:00,0,0,0,0,0,0,0,0,0,0,0,0,0,0,0,0,0.00%,0,0,0,2,0.00%,0,0
Joey Anderson,TOR,F,1,0,0,0,0,-1,7:56,7:56,0:00,0:00,0,0,0,0,0,0,0,0,0,0,0,0,0,0,0,0,0.00%,0,0,0,0,0.00%,0,0
Adam Fox,NYR,D,1,0,0,0,0,0,21:38,17:54,0:48,2:56,0,0,0,0,0,0,0,0,0,0,0,0,0,0,0,0,0.00%,0,0,0,0,0.00%,0,1
Trent Frederic,BOS,F,1,0,0,0,0,-1,8:34,7:12,0:00,1:22,0,0,0,0,0,0,0,0,0,0,0,0,0,0,0,0,0.00%,0,0,0,2,0.00%,3,0
Ryan Lindgren,NYR,D,1,0,0,0,0,0,19:26,16:32,0:00,2:54,0,0,0,0,0,0,0,0,0,0,0,0,0,0,0,0,0.00%,0,0,0,0,0.00%,4,1
Drake Batherson,OTT,F,1,0,0,0,0,0,18:11,13:44,4:25,0:02,0,0,0,0,0,0,0,0,0,0,0,0,0,0,0,0,0.00%,0,0,0,3,0.00%,2,1
Pierre-Olivier Joseph,PIT,D,1,0,0,0,4,-2,14:16,13:03,1:13,0:00,0,0,0,0,0,0,0,0,0,0,0,0,0,0,0,0,0.00%,0,0,0,3,0.00%,1,0
A.J. Greer,BOS,F,1,0,0,0,0,-1,5:23,5:23,0:00,0:00,0,0,0,0,0,0,0,0,0,0,0,0,0,0,0,0,0.00%,0,0,0,1,0.00%,1,0
Joseph Veleno,DET,F,1,0,0,0,0,0,12:38,12:35,0:03,0:00,0,0,0,0,0,0,0,0,0,0,0,0,0,0,0,0,0.00%,0,0,0,3,0.00%,1,0
Andrew Mangiapane,CGY,F,1,0,0,0,0,1,16:31,12:32,2:55,1:04,0,0,0,0,0,0,0,0,0,0,0,0,0,0,0,0,0.00%,0,0,0,2,0.00%,1,1
Taylor Raddysh,CHI,F,1,0,0,0,0,0,18:44,14:32,4:12,0:00,0,0,0,0,0,0,0,0,0,0,0,0,0,0,0,0,0.00%,0,0,0,2,0.00%,1,0
Givani Smith,FLA,F,1,0,0,0,0,0,5:23,5:23,0:00,0:00,0,0,0,0,0,0,0,0,0,0,0,0,0,0,0,0,0.00%,0,0,0,1,0.00%,3,0
MacKenzie Entwistle,CHI,C,1,0,0,0,0,0,10:56,9:39,1:17,0:00,0,0,0,0,0,0,0,0,0,0,0,0,0,0,0,0,0.00%,0,0,0,1,0.00%,2,0
Jason Robertson,DAL,F,1,0,0,0,0,-3,20:01,15:18,4:43,0:00,0,0,0,0,0,0,0,0,0,0,0,0,0,0,0,0,0.00%,0,0,0,2,0.00%,0,0
Evan Bouchard,EDM,D,1,0,0,0,0,0,17:27,13:47,3:40,0:00,0,0,0,0,0,0,0,0,0,0,0,0,0,0,0,0,0.00%,0,0,0,1,0.00%,3,0
Nathan Bastian,NJD,F,1,0,0,0,7,0,9:42,9:42,0:00,0:00,0,0,0,0,0,0,0,0,0,0,0,0,0,0,0,0,0.00%,0,0,0,0,0.00%,1,0
Riley Stillman,VAN,D,1,0,0,0,2,-1,20:08,16:23,0:00,3:45,0,0,0,0,0,0,0,0,0,0,0,0,0,0,0,0,0.00%,0,0,0,1,0.00%,1,0
Sean Durzi,LAK,D,1,0,0,0,0,2,20:09,14:31,2:34,3:04,0,0,0,0,0,0,0,0,0,0,0,0,0,0,0,0,0.00%,0,0,0,1,0.00%,2,3
Morgan Frost,PHI,F,1,0,0,0,0,0,17:34,17:34,0:00,0:00,0,0,0,0,0,0,0,0,0,0,0,0,0,0,0,0,0.00%,0,0,0,1,0.00%,2,1
Michael Pezzetta,MTL,F,1,0,0,0,0,0,8:31,8:31,0:00,0:00,0,0,0,0,0,0,0,0,0,0,0,0,0,0,0,0,0.00%,0,0,0,0,0.00%,3,1
Jalen Chatfield,CAR,D,1,0,0,0,2,2,14:22,14:22,0:00,0:00,0,0,0,0,0,0,0,0,0,0,0,0,0,0,0,0,0.00%,0,0,0,0,0.00%,0,0
Carter Hart,PHI,G,1,0,0,0,0,,,,,,0,0,0,0,0,0,0,,,,,,,,0,0,0.00%,0,0,0,,,,
Connor Dewar,MIN,C,1,0,0,0,0,-2,10:17,9:02,0:00,1:15,0,0,0,0,0,0,0,0,0,0,0,0,0,0,0,0,0.00%,0,0,0,1,0.00%,3,0
Callan Foote,TBL,D,1,0,0,0,0,0,9:21,9:21,0:00,0:00,0,0,0,0,0,0,0,0,0,0,0,0,0,0,0,0,0.00%,0,0,0,1,0.00%,1,1
Tanner Jeannot,NSH,F,1,0,0,0,5,-1,15:06,15:06,0:00,0:00,0,0,0,0,0,0,0,0,0,0,0,0,0,0,0,0,0.00%,0,0,0,2,0.00%,7,1
Parker Kelly,OTT,F,1,0,0,0,0,-1,10:05,7:10,0:00,2:55,0,0,0,0,0,0,0,0,0,0,0,0,0,0,0,0,0.00%,0,0,0,3,0.00%,2,1
Reese Johnson,CHI,F,1,0,0,0,0,0,9:30,8:32,0:00,0:58,0,0,0,0,0,0,0,0,0,0,0,0,0,0,0,0,0.00%,0,0,0,2,0.00%,2,0
Joshua Mahura,FLA,D,1,0,0,0,0,-1,11:22,11:13,0:09,0:00,0,0,0,0,0,0,0,0,0,0,0,0,0,0,0,0,0.00%,0,0,0,0,0.00%,0,0
Sam Steel,MIN,C,1,0,0,0,0,-1,12:17,11:54,0:23,0:00,0,0,0,0,0,0,0,0,0,0,0,0,0,0,0,0,0.00%,0,0,0,2,0.00%,0,0
Jake Leschyshyn,NYR,C,1,0,0,0,0,-1,11:21,11:21,0:00,0:00,0,0,0,0,0,0,0,0,0,0,0,0,0,0,0,0,0.00%,0,0,0,0,0.00%,0,1
Emil Bemström,CBJ,F,1,0,0,0,0,-1,9:11,7:35,1:36,0:00,0,0,0,0,0,0,0,0,0,0,0,0,0,0,0,0,0.00%,0,0,0,2,0.00%,1,0
Eetu Luostarinen,FLA,F,1,0,0,0,4,-2,13:33,11:45,0:23,1:25,0,0,0,0,0,0,0,0,0,0,0,0,0,0,0,0,0.00%,0,0,0,1,0.00%,0,1
Nick Seeler,PHI,D,1,0,0,0,0,0,16:29,16:00,0:00,0:29,0,0,0,0,0,0,0,0,0,0,0,0,0,0,0,0,0.00%,0,0,0,0,0.00%,2,7
Colin Blackwell,CHI,F,1,0,0,0,0,-1,13:10,13:10,0:00,0:00,0,0,0,0,0,0,0,0,0,0,0,0,0,0,0,0,0.00%,0,0,0,0,0.00%,0,0
Mark Friedman,PIT,D,1,0,0,0,0,-2,12:26,12:04,0:00,0:22,0,0,0,0,0,0,0,0,0,0,0,0,0,0,0,0,0.00%,0,0,0,3,0.00%,1,2
Sam Lafferty,CHI,C,1,0,0,0,4,-1,15:29,14:09,1:20,0:00,0,0,0,0,0,0,0,0,0,0,0,0,0,0,0,0,0.00%,0,0,0,3,0.00%,3,0
Dakota Joshua,VAN,F,1,0,0,0,0,0,14:10,10:28,0:00,3:42,0,0,0,0,0,0,0,0,0,0,0,0,0,0,0,0,0.00%,0,0,0,0,0.00%,0,0
John Marino,NJD,D,1,0,0,0,0,0,27:05:00,23:39,0:05,3:21,0,0,0,0,0,0,0,0,0,0,0,0,0,0,0,0,0.00%,0,0,0,1,0.00%,0,2
Mason Appleton,WPG,F,1,0,0,0,0,0,15:57,13:18,0:00,2:39,0,0,0,0,0,0,0,0,0,0,0,0,0,0,0,0,0.00%,0,0,0,1,0.00%,2,0
Matt Roy,LAK,D,1,0,0,0,0,2,16:22,12:50,0:00,3:32,0,0,0,0,0,0,0,0,0,0,0,0,0,0,0,0,0.00%,0,0,0,1,0.00%,1,0
Andrew Peeke,CBJ,D,1,0,0,0,0,0,22:35,21:01,0:00,1:34,0,0,0,0,0,0,0,0,0,0,0,0,0,0,0,0,0.00%,0,0,0,1,0.00%,8,8
Wade Allison,PHI,F,1,0,0,0,0,0,10:41,10:41,0:00,0:00,0,0,0,0,0,0,0,0,0,0,0,0,0,0,0,0,0.00%,0,0,0,0,0.00%,7,1
Dylan Gambrell,OTT,F,1,0,0,0,2,-2,9:54,7:11,0:01,2:42,0,0,0,0,0,0,0,0,0,0,0,0,0,0,0,0,0.00%,0,0,0,0,0.00%,1,0
Rem Pitlick,MTL,F,1,0,0,0,0,0,14:42,13:42,1:00,0:00,0,0,0,0,0,0,0,0,0,0,0,0,0,0,0,0,0.00%,0,0,0,0,0.00%,1,0
Brandon Duhaime,MIN,F,1,0,0,0,0,0,10:30,9:47,0:00,0:43,0,0,0,0,0,0,0,0,0,0,0,0,0,0,0,0,0.00%,0,0,0,0,0.00%,4,0
Ross Colton,TBL,F,1,0,0,0,0,-1,13:21,13:21,0:00,0:00,0,0,0,0,0,0,0,0,0,0,0,0,0,0,0,0,0.00%,0,0,0,1,0.00%,4,1
Vincent Desharnais,EDM,D,1,0,0,0,0,2,11:43,9:13,0:04,2:26,0,0,0,0,0,0,0,0,0,0,0,0,0,0,0,0,0.00%,0,0,0,0,0.00%,2,1
Martin Necas,CAR,F,1,0,0,0,0,-1,17:06,16:24,0:42,0:00,0,0,0,0,0,0,0,0,0,0,0,0,0,0,0,0,0.00%,0,0,0,1,0.00%,0,0
Jesse Ylönen,MTL,F,1,0,0,0,0,0,9:27,9:27,0:00,0:00,0,0,0,0,0,0,0,0,0,0,0,0,0,0,0,0,0.00%,0,0,0,2,0.00%,0,0
Ryan Poehling,PIT,F,1,0,0,0,2,-1,10:07,8:02,0:00,2:05,0,0,0,0,0,0,0,0,0,0,0,0,0,0,0,0,0.00%,0,0,0,0,0.00%,0,0
Ty Dellandrea,DAL,F,1,0,0,0,0,1,12:23,12:23,0:00,0:00,0,0,0,0,0,0,0,0,0,0,0,0,0,0,0,0,0.00%,0,0,0,0,0.00%,2,0
Adam Boqvist,CBJ,D,1,0,0,0,0,0,14:52,9:48,5:04,0:00,0,0,0,0,0,0,0,0,0,0,0,0,0,0,0,0,0.00%,0,0,0,4,0.00%,2,0
Filip Chytil,NYR,C,1,0,0,0,0,0,14:55,14:07,0:48,0:00,0,0,0,0,0,0,0,0,0,0,0,0,0,0,0,0,0.00%,0,0,0,2,0.00%,0,0
Tim Berni,CBJ,D,1,0,0,0,0,2,13:40,13:37,0:03,0:00,0,0,0,0,0,0,0,0,0,0,0,0,0,0,0,0,0.00%,0,0,0,1,0.00%,2,0
Tyler Tucker,STL,D,1,0,0,0,0,1,12:04,12:04,0:00,0:00,0,0,0,0,0,0,0,0,0,0,0,0,0,0,0,0,0.00%,0,0,0,0,0.00%,1,2
Liam Foudy,CBJ,F,1,0,0,0,0,-1,8:02,8:02,0:00,0:00,0,0,0,0,0,0,0,0,0,0,0,0,0,0,0,0,0.00%,0,0,0,0,0.00%,1,0
Kevin Bahl,NJD,D,1,0,0,0,0,1,14:31,14:24,0:00,0:07,0,0,0,0,0,0,0,0,0,0,0,0,0,0,0,0,0.00%,0,0,0,0,0.00%,2,0
Peyton Krebs,BUF,F,1,0,0,0,2,-1,12:55,10:18,0:22,2:15,0,0,0,0,0,0,0,0,0,0,0,0,0,0,0,0,0.00%,0,0,0,1,0.00%,1,0
Jeremy Swayman,BOS,G,1,0,0,0,0,,,,,,0,0,0,0,0,0,0,,,,,,,,0,0,0.00%,0,0,0,,,,
Dylan Samberg,WPG,D,1,0,0,0,0,0,17:12,12:59,0:00,4:13,0,0,0,0,0,0,0,0,0,0,0,0,0,0,0,0,0.00%,0,0,0,0,0.00%,0,3
Johnathan Kovacevic,MTL,D,1,0,0,0,0,1,17:06,17:06,0:00,0:00,0,0,0,0,0,0,0,0,0,0,0,0,0,0,0,0,0.00%,0,0,0,1,0.00%,1,0
Jacob Bryson,BUF,D,1,0,0,0,0,-2,16:02,15:31,0:10,0:21,0,0,0,0,0,0,0,0,0,0,0,0,0,0,0,0,0.00%,0,0,0,0,0.00%,0,2
Noah Cates,PHI,F,1,0,0,0,0,0,17:04,16:21,0:00,0:43,0,0,0,0,0,0,0,0,0,0,0,0,0,0,0,0,0.00%,0,0,0,0,0.00%,1,3
Nicklaus Perbix,TBL,D,1,0,0,0,0,0,11:33,11:26,0:00,0:07,0,0,0,0,0,0,0,0,0,0,0,0,0,0,0,0,0.00%,0,0,0,2,0.00%,0,1
Trevor Moore,LAK,C,1,0,0,0,0,0,15:21,10:42,2:24,2:15,0,0,0,0,0,0,0,0,0,0,0,0,0,0,0,0,0.00%,0,0,0,2,0.00%,1,1
Zach Aston-Reese,TOR,F,1,0,0,0,0,0,6:34,6:34,0:00,0:00,0,0,0,0,0,0,0,0,0,0,0,0,0,0,0,0,0.00%,0,0,0,0,0.00%,1,0
Rasmus Sandin,TOR,D,1,0,0,0,0,0,15:39,15:39,0:00,0:00,0,0,0,0,0,0,0,0,0,0,0,0,0,0,0,0,0.00%,0,0,0,1,0.00%,3,1
Philip Broberg,EDM,D,1,0,0,0,0,0,11:49,11:00,0:00,0:49,0,0,0,0,0,0,0,0,0,0,0,0,0,0,0,0,0.00%,0,0,0,0,0.00%,0,1
Nils Lundkvist,DAL,D,1,0,0,0,0,0,14:35,12:24,2:11,0:00,0,0,0,0,0,0,0,0,0,0,0,0,0,0,0,0,0.00%,0,0,0,2,0.00%,1,2
Pontus Holmberg,TOR,C,1,0,0,0,0,-1,8:14,8:14,0:00,0:00,0,0,0,0,0,0,0,0,0,0,0,0,0,0,0,0,0.00%,0,0,0,2,0.00%,0,0
Simon Holmström,NYI,F,1,0,0,0,0,-1,9:20,9:20,0:00,0:00,0,0,0,0,0,0,0,0,0,0,0,0,0,0,0,0,0.00%,0,0,0,1,0.00%,0,1
Nils Åman,VAN,F,1,0,0,0,0,0,13:24,10:24,0:00,3:00,0,0,0,0,0,0,0,0,0,0,0,0,0,0,0,0,0.00%,0,0,0,0,0.00%,1,0
Victor Söderström,ARI,D,1,0,0,0,0,0,11:52,11:00,0:52,0:00,0,0,0,0,0,0,0,0,0,0,0,0,0,0,0,0,0.00%,0,0,0,0,0.00%,0,1
Mads Søgaard,OTT,G,1,0,0,0,0,,,,,,0,0,0,0,0,0,0,,,,,,,,0,0,0.00%,0,0,0,,,,
Jakub Lauko,BOS,F,1,0,0,0,0,-1,5:10,4:51,0:00,0:19,0,0,0,0,0,0,0,0,0,0,0,0,0,0,0,0,0.00%,0,0,0,0,0.00%,0,0
Neal Pionk,WPG,D,1,0,0,0,2,1,19:23,18:49,0:00,0:34,0,0,0,0,0,0,0,0,0,0,0,0,0,0,0,0,0.00%,0,0,0,0,0.00%,0,2
Matias Maccelli,ARI,F,1,0,0,0,0,-1,16:46,13:40,3:06,0:00,0,0,0,0,0,0,0,0,0,0,0,0,0,0,0,0,0.00%,0,0,0,0,0.00%,0,2
Eric Robinson,CBJ,F,1,0,0,0,0,0,14:50,14:50,0:00,0:00,0,0,0,0,0,0,0,0,0,0,0,0,0,0,0,0,0.00%,0,0,0,1,0.00%,4,0
Jack McBain,ARI,C,1,0,0,0,0,0,11:01,9:01,0:00,2:00,0,0,0,0,0,0,0,0,0,0,0,0,0,0,0,0,0.00%,0,0,0,0,0.00%,3,0
Vasili Podkolzin,VAN,F,1,0,0,0,0,-1,13:04,12:43,0:21,0:00,0,0,0,0,0,0,0,0,0,0,0,0,0,0,0,0,0.00%,0,0,0,2,0.00%,1,0
J.J. Moser,ARI,D,1,0,0,0,2,-3,12:48,9:40,1:33,1:35,0,0,0,0,0,0,0,0,0,0,0,0,0,0,0,0,0.00%,0,0,0,1,0.00%,0,0
Mattias Samuelsson,BUF,D,1,0,0,0,0,-2,19:58,16:35,0:00,3:23,0,0,0,0,0,0,0,0,0,0,0,0,0,0,0,0,0.00%,0,0,0,0,0.00%,1,1
Cam York,PHI,D,1,0,0,0,2,-1,18:58,18:58,0:00,0:00,0,0,0,0,0,0,0,0,0,0,0,0,0,0,0,0,0.00%,0,0,0,1,0.00%,2,3
Jordan Harris,MTL,D,1,0,0,0,2,1,17:30,17:30,0:00,0:00,0,0,0,0,0,0,0,0,0,0,0,0,0,0,0,0,0.00%,0,0,0,1,0.00%,0,1
Arthur Kaliyev,LAK,F,1,0,0,0,0,1,11:43,9:21,2:22,0:00,0,0,0,0,0,0,0,0,0,0,0,0,0,0,0,0,0.00%,0,0,0,1,0.00%,1,2
Jack Quinn,BUF,F,1,0,0,0,2,0,14:02,12:13,1:49,0:00,0,0,0,0,0,0,0,0,0,0,0,0,0,0,0,0,0.00%,0,0,0,1,0.00%,0,1
Seth Jarvis,CAR,F,1,0,0,0,0,-2,16:50,16:12,0:38,0:00,0,0,0,0,0,0,0,0,0,0,0,0,0,0,0,0,0.00%,0,0,0,3,0.00%,1,1
Dawson Mercer,NJD,C,1,0,0,0,0,0,19:17,17:24,0:51,1:02,0,0,0,0,0,0,0,0,0,0,0,0,0,0,0,0,0.00%,0,0,0,1,0.00%,0,0
Sean Walker,LAK,D,1,0,0,0,2,1,16:23,12:55,0:00,3:28,0,0,0,0,0,0,0,0,0,0,0,0,0,0,0,0,0.00%,0,0,0,1,0.00%,0,3
Sheldon Dries,VAN,F,1,0,0,0,0,0,11:08,10:30,0:20,0:18,0,0,0,0,0,0,0,0,0,0,0,0,0,0,0,0,0.00%,0,0,0,3,0.00%,2,1
Karson Kuhlman,WPG,F,1,0,0,0,0,1,11:17,10:20,0:00,0:57,0,0,0,0,0,0,0,0,0,0,0,0,0,0,0,0,0.00%,0,0,0,0,0.00%,1,1
Alexander Steeves,TOR,F,1,0,0,0,0,-1,7:15,7:15,0:00,0:00,0,0,0,0,0,0,0,0,0,0,0,0,0,0,0,0,0.00%,0,0,0,1,0.00%,1,0
Matthew Boldy,MIN,F,1,0,0,0,0,0,21:25,18:13,3:05,0:07,0,0,0,0,0,0,0,0,0,0,0,0,0,0,0,0,0.00%,0,0,0,3,0.00%,4,0
Blake Lizotte,LAK,C,1,0,0,0,0,0,13:54,10:50,0:00,3:04,0,0,0,0,0,0,0,0,0,0,0,0,0,0,0,0,0.00%,0,0,0,0,0.00%,1,0
Cole Smith,NSH,F,1,0,0,0,0,0,14:44,14:44,0:00,0:00,0,0,0,0,0,0,0,0,0,0,0,0,0,0,0,0,0.00%,0,0,0,1,0.00%,4,1
Arber Xhekaj,MTL,D,1,0,0,0,0,-2,21:12,19:50,1:22,0:00,0,0,0,0,0,0,0,0,0,0,0,0,0,0,0,0,0.00%,0,0,0,3,0.00%,3,4
Cole Perfetti,WPG,F,1,0,0,0,0,0,12:33,12:33,0:00,0:00,0,0,0,0,0,0,0,0,0,0,0,0,0,0,0,0,0.00%,0,0,0,1,0.00%,2,1
Owen Power,BUF,D,1,0,0,0,0,-1,20:57,17:37,1:46,1:34,0,0,0,0,0,0,0,0,0,0,0,0,0,0,0,0,0.00%,0,0,0,1,0.00%,0,0
Juuso Pärssinen,NSH,F,1,0,0,0,5,0,10:32,9:49,0:43,0:00,0,0,0,0,0,0,0,0,0,0,0,0,0,0,0,0,0.00%,0,0,0,2,0.00%,3,1
Nick Blankenburg,CBJ,D,1,0,0,0,0,0,17:35,14:30,3:05,0:00,0,0,0,0,0,0,0,0,0,0,0,0,0,0,0,0,0.00%,0,0,0,2,0.00%,3,1
Dylan Holloway,EDM,F,1,0,0,0,0,-1,10:52,7:17,3:35,0:00,0,0,0,0,0,0,0,0,0,0,0,0,0,0,0,0,0.00%,0,0,0,1,0.00%,1,0
Alex Newhook,COL,F,1,0,0,0,0,0,10:33,10:25,0:08,0:00,0,0,0,0,0,0,0,0,0,0,0,0,0,0,0,0,0.00%,0,0,0,1,0.00%,0,1
Wyatt Johnston,DAL,F,1,0,0,0,0,1,16:10,13:43,2:27,0:00,0,0,0,0,0,0,0,0,0,0,0,0,0,0,0,0,0.00%,0,0,0,2,0.00%,0,0
Tim Stützle,OTT,F,1,0,0,0,0,0,19:40,13:24,4:29,1:47,0,0,0,0,0,0,0,0,0,0,0,0,0,0,0,0,0.00%,0,0,0,2,0.00%,1,2
John Peterka,BUF,F,1,0,0,0,0,0,12:55,11:21,1:34,0:00,0,0,0,0,0,0,0,0,0,0,0,0,0,0,0,0,0.00%,0,0,0,1,0.00%,0,0